t,C,C*t
1,0.25,0.25
2,0.058389892578125,0.11677978515625
3,0.019766845703125,0.059300537109375
4,0.012760009765625,0.0510400390625
5,0.00857421875,0.04287109375
6,0.0060504150390625,0.036302490234375
7,0.0049749755859375,0.0348248291015625
8,0.0037994384765625,0.0303955078125
9,0.0026190185546875,0.023571166992187496
10,0.0023773193359375,0.023773193359375
11,0.001568603515625,0.017254638671875
12,0.001400146484375,0.016801757812500002
13,0.00103759765625,0.01348876953125
14,0.00130126953125,0.0182177734375
15,0.00129638671875,0.019445800781249998
16,0.0012127685546875,0.019404296875
17,0.00079833984375,0.01357177734375
18,0.00103759765625,0.0186767578125
19,0.0008441162109375,0.0160382080078125
20,0.000362548828125,0.007250976562500001
21,0.000391845703125,0.008228759765625
22,0.00070068359375,0.0154150390625
23,0.0003900146484375,0.0089703369140625
24,0.000411376953125,0.009873046875
25,0.0003240966796875,0.0081024169921875
26,0.000318603515625,0.00828369140625
27,0.0004620361328125,0.012474975585937501
28,0.000479736328125,0.0134326171875
29,0.0002935791015625,0.008513793945312499
30,0.0005328369140625,0.015985107421875002
31,0.000325927734375,0.010103759765625
32,0.0006622314453125,0.02119140625
33,0.000517578125,0.017080078125000002
34,0.000205078125,0.00697265625
35,0.00029296875,0.01025390625
36,0.0001373291015625,0.00494384765625
37,0.0001312255859375,0.0048553466796875
38,0.00024169921875,0.0091845703125
39,6.28662109375e-05,0.0024517822265625
40,0.000283203125,0.011328125
41,0.00023681640625,0.009709472656249999
42,0.0001348876953125,0.005665283203125
43,7.4462890625e-05,0.003201904296875
44,0.0001983642578125,0.00872802734375
45,3.662109375e-05,0.00164794921875
46,0.0001287841796875,0.005924072265624999
47,0.000277099609375,0.013023681640625
48,4.5166015625e-05,0.0021679687499999998
49,6.4697265625e-05,0.0031701660156250003
50,-9.82666015625e-05,-0.004913330078125
51,0.000174560546875,0.008902587890624999
52,-4.08935546875e-05,-0.00212646484375
53,-0.000111083984375,-0.0058874511718750005
54,-0.0001678466796875,-0.009063720703125
55,-0.0003271484375,-0.0179931640625
56,-4.69970703125e-05,-0.0026318359375000003
57,0.0002301025390625,0.013115844726562501
58,3.60107421875e-05,0.002088623046875
59,0.0003497314453125,0.020634155273437503
60,1.03759765625e-05,0.0006225585937500001
61,-0.000107421875,-0.006552734375
62,0.0001690673828125,0.010482177734375
63,0.00018798828125,0.01184326171875
64,6.16455078125e-05,0.0039453125
65,0.0002362060546875,0.0153533935546875
66,-4.638671875e-05,-0.0030615234375000002
67,-2.3193359375e-05,-0.001553955078125
68,0.00026123046875,0.017763671875
69,0.000128173828125,0.008843994140625
70,5.43212890625e-05,0.0038024902343750003
71,0.0001849365234375,0.0131304931640625
72,0.0001568603515625,0.0112939453125
73,-0.00013427734375,-0.009802246093750001
74,-6.53076171875e-05,-0.004832763671875
75,-0.0003436279296875,-0.0257720947265625
76,-0.0001409912109375,-0.01071533203125
77,-0.0002734375,-0.021054687500000002
78,-5.0048828125e-05,-0.0039038085937499996
79,8.7890625e-05,0.0069433593749999994
80,0.00052490234375,0.0419921875
81,0.0001116943359375,0.009047241210937501
82,0.00013916015625,0.011411132812499999
83,0.00037109375,0.03080078125
84,-0.0001031494140625,-0.00866455078125
85,7.8125e-05,0.006640625
86,0.0001202392578125,0.010340576171875
87,0.000198974609375,0.017310791015625
88,0.0002447509765625,0.0215380859375
89,0.0002490234375,0.0221630859375
90,-0.0001275634765625,-0.011480712890625
91,0.0001483154296875,0.013496704101562501
92,0.0002288818359375,0.02105712890625
93,-0.000213623046875,-0.019866943359375
94,0.0002044677734375,0.019219970703125002
95,0.0001666259765625,0.0158294677734375
96,0.0001934814453125,0.01857421875
97,3.0517578125e-06,0.00029602050781250003
98,-0.000205078125,-0.02009765625
99,-6.89697265625e-05,-0.006828002929687499
100,-4.0283203125e-05,-0.0040283203125
101,0.000196533203125,0.019849853515625
102,0.0001910400390625,0.019486083984375
103,0.0001324462890625,0.0136419677734375
104,0.0001251220703125,0.0130126953125
105,0.000113525390625,0.011920166015625
106,0.00015380859375,0.0163037109375
107,3.0517578125e-06,0.00032653808593750003
108,0.000147705078125,0.0159521484375
109,7.26318359375e-05,0.0079168701171875
110,0.0001153564453125,0.012689208984374999
111,-0.0001385498046875,-0.0153790283203125
112,-0.000123291015625,-0.01380859375
113,0.0001416015625,0.016000976562499998
114,0.000267333984375,0.03047607421875
115,0.000130615234375,0.015020751953125001
116,-0.0001397705078125,-0.01621337890625
117,0.0002032470703125,0.0237799072265625
118,4.45556640625e-05,0.005257568359375
119,-0.000162353515625,-0.019320068359375
120,5.0048828125e-05,0.0060058593749999995
121,8.30078125e-05,0.0100439453125
122,0.0001458740234375,0.017796630859375002
123,-0.000146484375,-0.018017578125
124,-0.000189208984375,-0.023461914062500002
125,-6.65283203125e-05,-0.0083160400390625
126,-0.00029541015625,-0.0372216796875
127,-0.000126953125,-0.016123046875
128,0.0001690673828125,0.021640625
129,0.0002166748046875,0.0279510498046875
130,0.0002716064453125,0.035308837890625
131,0.000191650390625,0.025106201171875002
132,0.0001336669921875,0.01764404296875
133,1.15966796875e-05,0.0015423583984375
134,0.000224609375,0.03009765625
135,0.000107421875,0.014501953125
136,0.0002227783203125,0.0302978515625
137,9.21630859375e-05,0.0126263427734375
138,0.00040771484375,0.056264648437499995
139,0.0001922607421875,0.026724243164062498
140,3.84521484375e-05,0.00538330078125
141,0.000306396484375,0.043201904296874996
142,-7.14111328125e-05,-0.010140380859375
143,-5.4931640625e-06,-0.0007855224609375
144,5.43212890625e-05,0.007822265625
145,-0.0002093505859375,-0.0303558349609375
146,-0.0002789306640625,-0.040723876953125
147,0.00017333984375,0.025480957031249998
148,-0.0002203369140625,-0.03260986328125
149,0.00022705078125,0.03383056640625
150,-3.0517578125e-05,-0.00457763671875
151,0.0001177978515625,0.0177874755859375
152,0.000445556640625,0.067724609375
153,8.23974609375e-05,0.0126068115234375
154,-4.2724609375e-06,-0.0006579589843750001
155,8.60595703125e-05,0.013339233398437499
156,0.00010986328125,0.017138671875
157,-3.0517578125e-06,-0.00047912597656250003
158,-0.000111083984375,-0.01755126953125
159,-0.000252685546875,-0.040177001953125
160,-1.953125e-05,-0.003125
161,-0.0003411865234375,-0.0549310302734375
162,0.000166015625,0.026894531250000003
163,0.0001104736328125,0.018007202148437502
164,0.0001080322265625,0.017717285156250002
165,0.0004150390625,0.0684814453125
166,0.0001116943359375,0.018541259765625002
167,-0.00017578125,-0.02935546875
168,-3.23486328125e-05,-0.0054345703125
169,-0.00027099609375,-0.04579833984375
170,-0.000537109375,-0.09130859375000001
171,-7.32421875e-05,-0.0125244140625
172,4.39453125e-05,0.007558593749999999
173,3.7841796875e-05,0.006546630859375
174,0.0003759765625,0.065419921875
175,0.0001507568359375,0.026382446289062503
176,-2.74658203125e-05,-0.004833984375
177,-0.00025390625,-0.04494140625
178,0.0001678466796875,0.029876708984375
179,2.0751953125e-05,0.0037145996093750004
180,-0.0003619384765625,-0.06514892578124999
181,0.0003924560546875,0.0710345458984375
182,-0.00015869140625,-0.0288818359375
183,0.0001800537109375,0.0329498291015625
184,-7.568359375e-05,-0.01392578125
185,9.6435546875e-05,0.017840576171875
186,-8.30078125e-05,-0.015439453125
187,-0.0001861572265625,-0.0348114013671875
188,-0.000111083984375,-0.0208837890625
189,-4.39453125e-05,-0.008305664062499999
190,0.0001446533203125,0.027484130859375
191,-9.46044921875e-05,-0.0180694580078125
192,3.11279296875e-05,0.0059765625
193,-3.173828125e-05,-0.00612548828125
194,-4.94384765625e-05,-0.009591064453125001
195,-6.103515625e-07,-0.0001190185546875
196,-0.000235595703125,-0.0461767578125
197,-0.00036376953125,-0.07166259765625
198,-0.0002423095703125,-0.047977294921875004
199,0.0002001953125,0.039838867187499995
200,0.0003900146484375,0.0780029296875
201,0.0001629638671875,0.0327557373046875
202,0.0003076171875,0.062138671875
203,-7.14111328125e-05,-0.0144964599609375
204,0.000225830078125,0.046069335937500004
205,7.32421875e-06,0.0015014648437499999
206,0.000189208984375,0.03897705078125
207,0.000145263671875,0.030069580078124998
208,0.000186767578125,0.03884765625
209,0.00029052734375,0.060720214843749995
210,-8.48388671875e-05,-0.017816162109375
211,0.0001556396484375,0.0328399658203125
212,0.0005975341796875,0.12667724609375
213,0.0001556396484375,0.0331512451171875
214,6.16455078125e-05,0.013192138671875001
215,-6.103515625e-06,-0.001312255859375
216,0.000322265625,0.069609375
217,6.16455078125e-05,0.013377075195312501
218,0.0003125,0.068125
219,9.6435546875e-05,0.021119384765625002
220,-0.0001336669921875,-0.02940673828125
221,-0.00013916015625,-0.030754394531249996
222,2.44140625e-05,0.005419921875000001
223,7.99560546875e-05,0.0178302001953125
224,9.94873046875e-05,0.02228515625
225,0.0002374267578125,0.0534210205078125
226,-9.521484375e-05,-0.0215185546875
227,-7.32421875e-06,-0.00166259765625
228,-1.03759765625e-05,-0.0023657226562500003
229,2.74658203125e-05,0.0062896728515625
230,-0.0001287841796875,-0.029620361328124997
231,0.0001580810546875,0.0365167236328125
232,-0.000269775390625,-0.062587890625
233,8.7890625e-05,0.020478515625
234,2.3193359375e-05,0.00542724609375
235,0.0001153564453125,0.0271087646484375
236,0.000289306640625,0.0682763671875
237,0.0002740478515625,0.0649493408203125
238,0.0002691650390625,0.064061279296875
239,0.00018798828125,0.04492919921875
240,-3.90625e-05,-0.009375
241,-0.0004559326171875,-0.1098797607421875
242,-0.0002447509765625,-0.059229736328125
243,1.220703125e-05,0.00296630859375
244,-0.0001043701171875,-0.02546630859375
245,-3.0517578125e-05,-0.007476806640625
246,1.220703125e-05,0.0030029296875
247,-0.000107421875,-0.026533203125
248,0.000106201171875,0.026337890625
249,0.0003564453125,0.08875488281249999
250,4.82177734375e-05,0.012054443359375
251,0.0003326416015625,0.0834930419921875
252,0.00024169921875,0.060908203125
253,0.0002313232421875,0.0585247802734375
254,7.01904296875e-05,0.017828369140624998
255,-0.0001251220703125,-0.0319061279296875
256,0.0001800537109375,0.04609375
257,-3.662109375e-05,-0.00941162109375
258,-6.103515625e-06,-0.00157470703125
259,-9.3994140625e-05,-0.024344482421875
260,1.52587890625e-05,0.00396728515625
261,-6.16455078125e-05,-0.0160894775390625
262,0.0002728271484375,0.07148071289062499
263,8.36181640625e-05,0.0219915771484375
264,0.000225830078125,0.059619140625000004
265,-0.0003076171875,-0.0815185546875
266,1.46484375e-05,0.0038964843749999998
267,-0.000130615234375,-0.034874267578125
268,-0.000179443359375,-0.0480908203125
269,-0.0004705810546875,-0.1265863037109375
270,9.70458984375e-05,0.026202392578125
271,2.01416015625e-05,0.0054583740234375
272,0.0002410888671875,0.065576171875
273,0.0,0.0
274,-9.3994140625e-05,-0.025754394531250002
275,0.0001312255859375,0.0360870361328125
276,0.000386962890625,0.1068017578125
277,-0.0002069091796875,-0.057313842773437505
278,5.79833984375e-05,0.016119384765624998
279,0.0003253173828125,0.0907635498046875
280,3.0517578125e-06,0.0008544921875
281,5.92041015625e-05,0.0166363525390625
282,0.0001263427734375,0.035628662109375
283,7.62939453125e-05,0.0215911865234375
284,-7.9345703125e-06,-0.00225341796875
285,0.000179443359375,0.051141357421875
286,0.000460205078125,0.13161865234375
287,0.0001611328125,0.046245117187500004
288,3.0517578125e-05,0.0087890625
289,0.000255126953125,0.073731689453125
290,-1.220703125e-05,-0.0035400390625
291,8.4228515625e-05,0.024510498046875
292,0.0001971435546875,0.05756591796875
293,-0.0002239990234375,-0.0656317138671875
294,-0.000135498046875,-0.039836425781250004
295,0.0001861572265625,0.0549163818359375
296,3.0517578125e-06,0.0009033203125
297,-0.0002191162109375,-0.0650775146484375
298,9.3994140625e-05,0.02801025390625
299,-0.0002032470703125,-0.060770874023437504
300,8.4228515625e-05,0.025268554687499997
301,0.0001220703125,0.0367431640625
302,2.01416015625e-05,0.006082763671875001
303,0.0001483154296875,0.044939575195312505
304,1.46484375e-05,0.004453125
305,-0.0002130126953125,-0.0649688720703125
306,2.01416015625e-05,0.006163330078125
307,-8.9111328125e-05,-0.027357177734374998
308,0.000521240234375,0.16054199218749998
309,3.11279296875e-05,0.0096185302734375
310,6.7138671875e-06,0.002081298828125
311,0.0005181884765625,0.1611566162109375
312,0.0003375244140625,0.10530761718750001
313,0.0002716064453125,0.08501281738281251
314,-4.82177734375e-05,-0.015140380859375
315,0.0001263427734375,0.0397979736328125
316,-0.000146484375,-0.0462890625
317,8.544921875e-05,0.027087402343749997
318,5.0048828125e-05,0.01591552734375
319,9.8876953125e-05,0.031541748046875005
320,0.00017578125,0.056249999999999994
321,-3.47900390625e-05,-0.011167602539062498
322,0.000433349609375,0.13953857421875
323,0.0003656005859375,0.1180889892578125
324,0.000308837890625,0.10006347656249999
325,0.000306396484375,0.09957885742187499
326,-6.103515625e-07,-0.00019897460937500001
327,6.53076171875e-05,0.021355590820312503
328,0.00036865234375,0.12091796875000001
329,-0.0003363037109375,-0.1106439208984375
330,6.77490234375e-05,0.022357177734375
331,0.0003466796875,0.1147509765625
332,-7.32421875e-06,-0.0024316406249999998
333,-1.28173828125e-05,-0.0042681884765624995
334,-1.8310546875e-05,-0.00611572265625
335,-2.86865234375e-05,-0.0096099853515625
336,-0.0003790283203125,-0.127353515625
337,-5.7373046875e-05,-0.019334716796875
338,-0.00010498046875,-0.0354833984375
339,-0.0001629638671875,-0.0552447509765625
340,7.9345703125e-06,0.00269775390625
341,0.0003277587890625,0.1117657470703125
342,-2.44140625e-06,-0.0008349609375
343,9.94873046875e-05,0.034124145507812495
344,-0.0001788330078125,-0.061518554687500004
345,-0.0001629638671875,-0.0562225341796875
346,-1.77001953125e-05,-0.006124267578124999
347,-0.000123291015625,-0.042781982421875
348,-5.4931640625e-06,-0.00191162109375
349,-2.38037109375e-05,-0.0083074951171875
350,-0.000220947265625,-0.07733154296875
351,-3.662109375e-06,-0.001285400390625
352,-0.000135498046875,-0.0476953125
353,0.0001300048828125,0.0458917236328125
354,-0.0002276611328125,-0.080592041015625
355,0.0,0.0
356,4.5166015625e-05,0.0160791015625
357,-0.000301513671875,-0.10764038085937501
358,0.0001190185546875,0.042608642578125
359,-4.69970703125e-05,-0.0168719482421875
360,0.0001348876953125,0.0485595703125
361,0.000203857421875,0.073592529296875
362,0.00022216796875,0.0804248046875
363,0.0002301025390625,0.0835272216796875
364,0.0003131103515625,0.11397216796875
365,0.0003399658203125,0.12408752441406251
366,0.000460205078125,0.16843505859375
367,-5.67626953125e-05,-0.0208319091796875
368,-0.000145263671875,-0.053457031249999995
369,-0.0002435302734375,-0.08986267089843751
370,-2.86865234375e-05,-0.010614013671874999
371,-0.0001849365234375,-0.06861145019531249
372,-0.0003704833984375,-0.13781982421875
373,-4.150390625e-05,-0.015480957031250001
374,-0.00015380859375,-0.0575244140625
375,-1.5869140625e-05,-0.005950927734375
376,-0.000166015625,-0.062421875
377,5.2490234375e-05,0.019788818359374998
378,-3.0517578125e-05,-0.01153564453125
379,-2.74658203125e-05,-0.0104095458984375
380,-3.90625e-05,-0.014843750000000001
381,0.000205078125,0.07813476562499999
382,-0.000135498046875,-0.051760253906250005
383,-0.00033935546875,-0.12997314453125
384,-0.0001031494140625,-0.039609375
385,-4.7607421875e-05,-0.018328857421875
386,0.0003179931640625,0.122745361328125
387,-0.0002203369140625,-0.0852703857421875
388,-3.7841796875e-05,-0.0146826171875
389,0.0001605224609375,0.062443237304687496
390,-2.62451171875e-05,-0.010235595703125
391,3.0517578125e-06,0.0011932373046875
392,0.00016845703125,0.06603515624999999
393,-9.82666015625e-05,-0.0386187744140625
394,9.58251953125e-05,0.037755126953125
395,-0.0002325439453125,-0.0918548583984375
396,5.0048828125e-05,0.019819335937499998
397,-0.0001898193359375,-0.07535827636718749
398,-0.0003271484375,-0.130205078125
399,0.0002252197265625,0.0898626708984375
400,-0.000103759765625,-0.04150390625
401,-8.60595703125e-05,-0.0345098876953125
402,-0.0002105712890625,-0.084649658203125
403,-0.0002606201171875,-0.10502990722656248
404,-0.0002557373046875,-0.10331787109375001
405,-0.0002130126953125,-0.0862701416015625
406,-9.1552734375e-05,-0.03717041015625
407,3.96728515625e-05,0.0161468505859375
408,0.0003515625,0.1434375
409,5.4931640625e-05,0.022467041015625
410,0.000146484375,0.06005859375
411,0.0002191162109375,0.0900567626953125
412,-0.000137939453125,-0.05683105468749999
413,-9.27734375e-05,-0.0383154296875
414,-6.103515625e-07,-0.000252685546875
415,0.00023681640625,0.09827880859375
416,-0.0003961181640625,-0.16478515625
417,-0.0003607177734375,-0.15041931152343752
418,-0.000234375,-0.09796875
419,-0.000123291015625,-0.051658935546875
420,0.0001031494140625,0.04332275390625
421,0.0001837158203125,0.07734436035156249
422,-0.00012939453125,-0.054604492187500006
423,0.0001702880859375,0.0720318603515625
424,0.000198974609375,0.084365234375
425,-2.44140625e-06,-0.00103759765625
426,3.72314453125e-05,0.015860595703125
427,-4.21142578125e-05,-0.0179827880859375
428,-0.000169677734375,-0.0726220703125
429,0.0001519775390625,0.0651983642578125
430,0.0002996826171875,0.128863525390625
431,0.0001385498046875,0.0597149658203125
432,0.000428466796875,0.18509765625
433,0.0003076171875,0.1331982421875
434,-7.99560546875e-05,-0.034700927734375005
435,-0.000234375,-0.10195312499999999
436,7.6904296875e-05,0.0335302734375
437,-0.000196533203125,-0.085885009765625
438,-2.74658203125e-05,-0.012030029296875
439,-0.0001739501953125,-0.0763641357421875
440,-0.0001312255859375,-0.0577392578125
441,-7.32421875e-05,-0.032299804687499996
442,-5.4931640625e-06,-0.002427978515625
443,-1.8310546875e-05,-0.008111572265625
444,0.000205078125,0.0910546875
445,-2.99072265625e-05,-0.013308715820312499
446,0.000208740234375,0.09309814453125
447,9.82666015625e-05,0.043925170898437504
448,-1.3427734375e-05,-0.006015625
449,5.37109375e-05,0.0241162109375
450,0.0002423095703125,0.109039306640625
451,7.8125e-05,0.035234375
452,0.0002532958984375,0.11448974609375001
453,5.4931640625e-05,0.024884033203125
454,-0.0001043701171875,-0.047384033203125
455,-0.0002667236328125,-0.12135925292968751
456,0.0001837158203125,0.0837744140625
457,0.000191650390625,0.087584228515625
458,0.000535888671875,0.24543701171875
459,-0.00010986328125,-0.05042724609375
460,6.7138671875e-05,0.030883789062500003
461,-0.0002215576171875,-0.1021380615234375
462,3.173828125e-05,0.0146630859375
463,0.00014404296875,0.06669189453124999
464,6.28662109375e-05,0.029169921875
465,8.72802734375e-05,0.040585327148437496
466,-0.00031982421875,-0.1490380859375
467,-7.4462890625e-05,-0.034774169921875
468,0.000198974609375,0.09312011718749999
469,8.36181640625e-05,0.039216918945312505
470,0.00029052734375,0.1365478515625
471,0.000169677734375,0.07991821289062499
472,0.0001702880859375,0.0803759765625
473,4.5166015625e-05,0.021363525390625
474,-0.000264892578125,-0.12555908203125
475,-0.000235595703125,-0.111907958984375
476,3.0517578125e-05,0.0145263671875
477,0.0001080322265625,0.0515313720703125
478,8.9111328125e-05,0.04259521484375
479,0.000478515625,0.229208984375
480,0.00033203125,0.15937500000000002
481,0.0001617431640625,0.07779846191406249
482,9.27734375e-05,0.044716796875
483,2.685546875e-05,0.01297119140625
484,-0.0001556396484375,-0.07532958984374999
485,-0.0001910400390625,-0.0926544189453125
486,0.0001177978515625,0.057249755859375
487,-0.0001422119140625,-0.0692572021484375
488,-1.3427734375e-05,-0.006552734375
489,0.000108642578125,0.053126220703125
490,-0.0002569580078125,-0.125909423828125
491,-6.77490234375e-05,-0.033264770507812506
492,4.21142578125e-05,0.020720214843749998
493,1.8310546875e-05,0.009027099609375
494,-0.0001544189453125,-0.076282958984375
495,1.8310546875e-05,0.009063720703125
496,-0.0002349853515625,-0.11655273437500001
497,6.103515625e-06,0.003033447265625
498,-0.000133056640625,-0.06626220703125
499,-2.13623046875e-05,-0.010659790039062499
500,-3.7841796875e-05,-0.0189208984375
501,-0.000125732421875,-0.062991943359375
502,0.0002099609375,0.10540039062499999
503,3.2958984375e-05,0.016578369140625
504,-0.0004620361328125,-0.2328662109375
505,-0.0005413818359375,-0.27339782714843747
506,-0.0003021240234375,-0.15287475585937502
507,1.40380859375e-05,0.0071173095703125
508,-2.38037109375e-05,-0.01209228515625
509,-0.000133056640625,-0.06772583007812501
510,2.13623046875e-05,0.010894775390625
511,-5.31005859375e-05,-0.0271343994140625
512,-0.0002862548828125,-0.1465625
513,-0.00028564453125,-0.14653564453124998
514,-6.4697265625e-05,-0.03325439453125
515,-2.44140625e-06,-0.00125732421875
516,-1.15966796875e-05,-0.00598388671875
517,-0.00012451171875,-0.06437255859375
518,-0.0001531982421875,-0.07935668945312499
519,0.00017333984375,0.08996337890625
520,0.0002471923828125,0.1285400390625
521,4.5166015625e-05,0.023531494140625
522,0.0002789306640625,0.145601806640625
523,4.7607421875e-05,0.024898681640625
524,0.0001104736328125,0.05788818359375
525,6.9580078125e-05,0.036529541015625
526,1.28173828125e-05,0.006741943359375
527,0.0002972412109375,0.15664611816406251
528,-0.0001593017578125,-0.084111328125
529,0.0001959228515625,0.1036431884765625
530,-4.8828125e-05,-0.02587890625
531,-0.00043212890625,-0.22946044921875
532,0.0003759765625,0.20001953125
533,-0.0001275634765625,-0.0679913330078125
534,-1.89208984375e-05,-0.010103759765625
535,0.0002142333984375,0.1146148681640625
536,0.000126953125,0.068046875
537,-0.0002020263671875,-0.1084881591796875
538,-0.0002593994140625,-0.139556884765625
539,-0.0001092529296875,-0.058887329101562504
540,0.0001275634765625,0.06888427734375
541,9.1552734375e-06,0.0049530029296874995
542,8.48388671875e-05,0.045982666015625
543,-0.0004443359375,-0.2412744140625
544,-0.000391845703125,-0.2131640625
545,-0.000264892578125,-0.14436645507812498
546,-0.0001959228515625,-0.106973876953125
547,-0.000108642578125,-0.059427490234375
548,7.32421875e-06,0.0040136718749999994
549,-0.0001806640625,-0.0991845703125
550,-0.00016845703125,-0.09265136718749999
551,8.6669921875e-05,0.047755126953125
552,-6.2255859375e-05,-0.034365234375
553,-0.0005670166015625,-0.3135601806640625
554,-4.2724609375e-05,-0.023669433593749997
555,-0.00044189453125,-0.24525146484375002
556,0.0001312255859375,0.07296142578124999
557,6.53076171875e-05,0.0363763427734375
558,-1.64794921875e-05,-0.009195556640625
559,0.0001654052734375,0.09246154785156249
560,8.85009765625e-05,0.049560546875
561,-2.01416015625e-05,-0.0112994384765625
562,0.0001214599609375,0.06826049804687499
563,0.0001727294921875,0.0972467041015625
564,0.00011962890625,0.067470703125
565,-0.0001220703125,-0.0689697265625
566,0.0003466796875,0.19622070312499998
567,0.0003448486328125,0.1955291748046875
568,-9.765625e-05,-0.055468750000000004
569,0.0001593017578125,0.0906427001953125
570,0.0001495361328125,0.085235595703125
571,-0.000198974609375,-0.11361450195312499
572,0.00018310546875,0.104736328125
573,0.0003192138671875,0.18290954589843753
574,0.0001220703125,0.070068359375
575,-8.7890625e-05,-0.050537109375
576,6.16455078125e-05,0.0355078125
577,-0.00037841796875,-0.21834716796875
578,-0.00027587890625,-0.1594580078125
579,-6.591796875e-05,-0.03816650390625
580,-0.0004010009765625,-0.23258056640625002
581,0.000152587890625,0.088653564453125
582,0.0002740478515625,0.15949584960937502
583,-0.000201416015625,-0.11742553710937499
584,0.000115966796875,0.067724609375
585,0.0002679443359375,0.15674743652343748
586,6.103515625e-05,0.0357666015625
587,-0.000142822265625,-0.083836669921875
588,-0.0001171875,-0.06890625
589,5.9814453125e-05,0.035230712890625
590,7.6904296875e-05,0.04537353515625
591,-0.0002655029296875,-0.1569122314453125
592,-0.0003790283203125,-0.224384765625
593,0.00017333984375,0.10279052734375
594,-0.0001873779296875,-0.111302490234375
595,7.01904296875e-05,0.0417633056640625
596,6.89697265625e-05,0.041105957031249994
597,-0.0001995849609375,-0.1191522216796875
598,-0.0002459716796875,-0.147091064453125
599,-0.0002410888671875,-0.1444122314453125
600,-7.568359375e-05,-0.04541015625
601,7.38525390625e-05,0.044385375976562495
602,-6.28662109375e-05,-0.037845458984375004
603,-9.3994140625e-05,-0.056678466796875
604,3.41796875e-05,0.02064453125
605,0.000244140625,0.147705078125
606,8.97216796875e-05,0.054371337890624996
607,-0.0001519775390625,-0.0922503662109375
608,8.6669921875e-05,0.052695312499999994
609,-9.27734375e-05,-0.056499023437500004
610,-0.00017822265625,-0.1087158203125
611,-3.5400390625e-05,-0.021629638671875
612,-0.000264892578125,-0.1621142578125
613,1.89208984375e-05,0.0115985107421875
614,-9.27734375e-05,-0.056962890625
615,-7.32421875e-05,-0.0450439453125
616,-5.43212890625e-05,-0.0334619140625
617,0.00017578125,0.10845703125
618,9.27734375e-05,0.057333984375
619,-4.33349609375e-05,-0.026824340820312497
620,-7.6904296875e-05,-0.0476806640625
621,-0.0002081298828125,-0.1292486572265625
622,0.0001190185546875,0.07402954101562499
623,0.000118408203125,0.073768310546875
624,-0.000252685546875,-0.15767578124999998
625,-0.000106201171875,-0.066375732421875
626,0.000157470703125,0.09857666015625001
627,-8.72802734375e-05,-0.0547247314453125
628,-0.0004736328125,-0.29744140625
629,0.0003277587890625,0.2061602783203125
630,-0.0004364013671875,-0.274932861328125
631,-0.0003082275390625,-0.19449157714843748
632,-0.0001519775390625,-0.0960498046875
633,-0.000133056640625,-0.084224853515625
634,-0.000333251953125,-0.21128173828125
635,-0.0002099609375,-0.1333251953125
636,-0.00010986328125,-0.069873046875
637,-0.0001007080078125,-0.0641510009765625
638,0.0001416015625,0.09034179687499999
639,2.685546875e-05,0.01716064453125
640,-7.8125e-05,-0.05
641,-0.00013671875,-0.08763671875000001
642,-4.0283203125e-05,-0.02586181640625
643,0.000106201171875,0.068287353515625
644,-6.04248046875e-05,-0.03891357421875
645,0.0003094482421875,0.1995941162109375
646,6.16455078125e-05,0.039822998046875
647,7.62939453125e-05,0.0493621826171875
648,6.8359375e-05,0.044296875000000006
649,5.4931640625e-06,0.0035650634765625
650,0.0001788330078125,0.116241455078125
651,-6.8359375e-05,-0.04450195312500001
652,-4.21142578125e-05,-0.027458496093749996
653,-0.0002789306640625,-0.1821417236328125
654,-0.0002099609375,-0.13731445312499999
655,-0.000218505859375,-0.143121337890625
656,-0.000279541015625,-0.18337890625
657,-8.4228515625e-05,-0.055338134765625
658,7.50732421875e-05,0.049398193359375
659,1.953125e-05,0.01287109375
660,0.0001422119140625,0.09385986328125
661,-3.662109375e-06,-0.002420654296875
662,0.0001446533203125,0.095760498046875
663,0.000267333984375,0.177242431640625
664,-0.000286865234375,-0.190478515625
665,-0.0003118896484375,-0.2074066162109375
666,0.00019287109375,0.1284521484375
667,0.0001348876953125,0.0899700927734375
668,0.0003857421875,0.25767578125
669,-5.37109375e-05,-0.0359326171875
670,0.0003240966796875,0.217144775390625
671,-0.0001470947265625,-0.09870056152343751
672,-0.0003668212890625,-0.24650390625
673,2.38037109375e-05,0.0160198974609375
674,8.23974609375e-05,0.055535888671875006
675,-0.0002105712890625,-0.1421356201171875
676,-1.46484375e-05,-0.009902343749999999
677,0.00010498046875,0.07107177734375
678,0.0002545166015625,0.17256225585937499
679,4.69970703125e-05,0.0319110107421875
680,-0.0005419921875,-0.36855468750000003
681,7.080078125e-05,0.048215332031249995
682,-6.591796875e-05,-0.044956054687500004
683,0.000322265625,0.22010742187500001
684,-7.568359375e-05,-0.051767578125
685,0.00044677734375,0.30604248046875
686,-5.7373046875e-05,-0.039357910156249995
687,0.0001190185546875,0.08176574707031249
688,-5.4931640625e-06,-0.0037792968749999997
689,-0.0001214599609375,-0.0836859130859375
690,-0.000208740234375,-0.14403076171874998
691,-0.0001446533203125,-0.0999554443359375
692,-6.28662109375e-05,-0.04350341796875
693,9.82666015625e-05,0.0680987548828125
694,4.69970703125e-05,0.032615966796875
695,-6.89697265625e-05,-0.047933959960937494
696,0.000162353515625,0.11299804687500001
697,-2.44140625e-05,-0.0170166015625
698,3.72314453125e-05,0.025987548828125
699,-0.0003857421875,-0.2696337890625
700,0.0002423095703125,0.16961669921875
701,3.84521484375e-05,0.0269549560546875
702,-4.45556640625e-05,-0.031278076171875
703,-0.000147705078125,-0.103836669921875
704,-0.000150146484375,-0.105703125
705,2.0751953125e-05,0.014630126953125001
706,0.00032470703125,0.2292431640625
707,0.0001177978515625,0.0832830810546875
708,-0.0002752685546875,-0.19489013671875
709,0.0003057861328125,0.21680236816406248
710,0.0001409912109375,0.10010375976562501
711,-2.38037109375e-05,-0.0169244384765625
712,-0.00031982421875,-0.22771484375
713,2.25830078125e-05,0.0161016845703125
714,0.00039794921875,0.2841357421875
715,0.00036865234375,0.26358642578125
716,-0.000203857421875,-0.1459619140625
717,7.87353515625e-05,0.056453247070312504
718,0.000325927734375,0.23401611328125
719,7.6904296875e-05,0.055294189453125
720,5.55419921875e-05,0.039990234375
721,0.0001300048828125,0.0937335205078125
722,6.103515625e-05,0.0440673828125
723,0.00053466796875,0.38656494140625
724,0.000198974609375,0.1440576171875
725,6.53076171875e-05,0.0473480224609375
726,5.859375e-05,0.042539062499999995
727,-4.94384765625e-05,-0.0359417724609375
728,-0.00011474609375,-0.08353515624999999
729,9.27734375e-05,0.0676318359375
730,0.0001202392578125,0.087774658203125
731,-0.0002032470703125,-0.1485736083984375
732,6.40869140625e-05,0.04691162109375
733,-3.2958984375e-05,-0.024158935546875003
734,0.000233154296875,0.17113525390625
735,0.000140380859375,0.10317993164062499
736,-3.173828125e-05,-0.023359375
737,1.3427734375e-05,0.009896240234375001
738,-0.000357666015625,-0.26395751953125
739,-0.0002215576171875,-0.16373107910156248
740,7.2021484375e-05,0.053295898437499996
741,0.000316162109375,0.23427612304687498
742,1.89208984375e-05,0.014039306640625
743,0.00015869140625,0.11790771484375
744,0.000341796875,0.254296875
745,-0.0001031494140625,-0.0768463134765625
746,-5.4931640625e-06,-0.004097900390625
747,0.00024658203125,0.18419677734375
748,0.000244140625,0.1826171875
749,0.0003411865234375,0.2555487060546875
750,4.33349609375e-05,0.032501220703125
751,0.00017822265625,0.13384521484375
752,0.000262451171875,0.19736328125
753,-9.3994140625e-05,-0.07077758789062501
754,-1.953125e-05,-0.0147265625
755,-0.0001739501953125,-0.1313323974609375
756,0.000235595703125,0.1781103515625
757,2.8076171875e-05,0.021253662109375
758,-0.0001214599609375,-0.092066650390625
759,-0.0001318359375,-0.1000634765625
760,-5.9814453125e-05,-0.045458984375
761,-1.89208984375e-05,-0.0143988037109375
762,0.0001422119140625,0.108365478515625
763,-3.23486328125e-05,-0.024682006835937503
764,0.0002655029296875,0.20284423828124998
765,-0.0001544189453125,-0.11813049316406249
766,0.0002117919921875,0.162232666015625
767,7.32421875e-05,0.0561767578125
768,6.7138671875e-05,0.051562500000000004
769,0.0004522705078125,0.3477960205078125
770,8.23974609375e-05,0.063446044921875
771,6.65283203125e-05,0.051293334960937506
772,0.0001019287109375,0.07868896484375
773,-0.000240478515625,-0.185889892578125
774,-4.39453125e-05,-0.034013671875
775,-0.0002154541015625,-0.1669769287109375
776,-0.0001873779296875,-0.14540527343749998
777,-3.173828125e-05,-0.02466064453125
778,2.197265625e-05,0.0170947265625
779,-0.0002813720703125,-0.2191888427734375
780,1.953125e-05,0.015234375
781,-0.0001055908203125,-0.08246643066406249
782,0.000208740234375,0.16323486328125
783,7.38525390625e-05,0.0578265380859375
784,-0.000118408203125,-0.09283203125
785,-0.0001739501953125,-0.1365509033203125
786,-0.0001470947265625,-0.11561645507812501
787,7.75146484375e-05,0.0610040283203125
788,6.8359375e-05,0.053867187500000004
789,0.0001251220703125,0.09872131347656249
790,0.0001470947265625,0.116204833984375
791,0.000341796875,0.27036132812499997
792,0.0002728271484375,0.2160791015625
793,4.2724609375e-05,0.033880615234374994
794,-4.82177734375e-05,-0.038284912109375
795,0.00027099609375,0.21544189453125
796,-0.0001800537109375,-0.14332275390625002
797,0.0001055908203125,0.0841558837890625
798,-0.0001177978515625,-0.09400268554687499
799,-0.0001715087890625,-0.1370355224609375
800,0.0002197265625,0.17578125
801,-4.0283203125e-05,-0.032266845703125
802,0.0001678466796875,0.134613037109375
803,8.9111328125e-05,0.07155639648437499
804,-0.0002618408203125,-0.21052001953125
805,-0.000152587890625,-0.122833251953125
806,0.000111083984375,0.08953369140625
807,0.0002099609375,0.1694384765625
808,-3.11279296875e-05,-0.0251513671875
809,-0.00010009765625,-0.08097900390625
810,3.41796875e-05,0.027685546875
811,1.220703125e-06,0.000989990234375
812,-0.0001422119140625,-0.11547607421875
813,0.000404052734375,0.328494873046875
814,-0.0002178955078125,-0.177366943359375
815,0.0001361083984375,0.1109283447265625
816,2.44140625e-05,0.019921875000000002
817,0.0003448486328125,0.2817413330078125
818,-4.33349609375e-05,-0.035447998046875
819,3.0517578125e-05,0.024993896484375
820,0.0001025390625,0.08408203125
821,-0.00015625,-0.12828125
822,-0.00025146484375,-0.2067041015625
823,-4.94384765625e-05,-0.0406878662109375
824,-0.0004644775390625,-0.3827294921875
825,-0.0002520751953125,-0.2079620361328125
826,-0.000286865234375,-0.23695068359375002
827,-7.87353515625e-05,-0.0651141357421875
828,-9.765625e-06,-0.0080859375
829,-5.9814453125e-05,-0.049586181640625
830,-0.000269775390625,-0.22391357421875
831,1.03759765625e-05,0.0086224365234375
832,-0.00023681640625,-0.19703125
833,0.0001873779296875,0.1560858154296875
834,7.26318359375e-05,0.060574951171874995
835,7.568359375e-05,0.06319580078125
836,-0.00030517578125,-0.255126953125
837,0.00016357421875,0.13691162109375002
838,-2.62451171875e-05,-0.021993408203125
839,9.94873046875e-05,0.0834698486328125
840,-8.97216796875e-05,-0.0753662109375
841,7.01904296875e-05,0.0590301513671875
842,0.0002386474609375,0.20094116210937502
843,7.50732421875e-05,0.06328674316406249
844,-0.000146484375,-0.1236328125
845,3.5400390625e-05,0.029913330078124998
846,-0.0002545166015625,-0.215321044921875
847,4.638671875e-05,0.03928955078125
848,0.0001116943359375,0.09471679687500001
849,0.00010009765625,0.08498291015625
850,-7.01904296875e-05,-0.05966186523437499
851,-6.103515625e-05,-0.05194091796875
852,-0.0001214599609375,-0.10348388671875
853,-6.2255859375e-05,-0.053104248046875004
854,-7.87353515625e-05,-0.067239990234375
855,0.0002044677734375,0.1748199462890625
856,0.0001263427734375,0.10814941406249999
857,-3.35693359375e-05,-0.0287689208984375
858,-0.0003131103515625,-0.268648681640625
859,-0.0002618408203125,-0.2249212646484375
860,-5.2490234375e-05,-0.0451416015625
861,-0.0001531982421875,-0.13190368652343748
862,-0.0002044677734375,-0.17625122070312502
863,-0.0003106689453125,-0.2681072998046875
864,0.00013427734375,0.11601562500000001
865,0.000123291015625,0.106646728515625
866,0.0004644775390625,0.402237548828125
867,2.62451171875e-05,0.0227545166015625
868,-0.00010498046875,-0.091123046875
869,5.37109375e-05,0.0466748046875
870,0.0003399658203125,0.29577026367187503
871,-6.16455078125e-05,-0.0536932373046875
872,-0.0001129150390625,-0.0984619140625
873,9.82666015625e-05,0.0857867431640625
874,-0.0003094482421875,-0.270457763671875
875,-0.0001373291015625,-0.1201629638671875
876,-3.0517578125e-06,-0.0026733398437500003
877,5.2490234375e-05,0.046033935546875
878,0.0001922607421875,0.168804931640625
879,0.000120849609375,0.106226806640625
880,-7.32421875e-06,-0.0064453125
881,0.0002703857421875,0.2382098388671875
882,-1.52587890625e-05,-0.013458251953125
883,-0.0001458740234375,-0.1288067626953125
884,-5.615234375e-05,-0.049638671875000005
885,2.50244140625e-05,0.022146606445312498
886,-4.21142578125e-05,-0.037313232421874995
887,-0.000262451171875,-0.232794189453125
888,-0.0002984619140625,-0.2650341796875
889,-0.00030517578125,-0.27130126953125
890,-8.85009765625e-05,-0.078765869140625
891,0.00026123046875,0.23275634765625
892,-0.0001239013671875,-0.11052001953124999
893,4.150390625e-05,0.03706298828125
894,0.000220947265625,0.19752685546875
895,-0.0001190185546875,-0.1065216064453125
896,-8.11767578125e-05,-0.072734375
897,-7.9345703125e-06,-0.0071173095703125
898,7.26318359375e-05,0.065223388671875
899,5.2490234375e-05,0.047188720703125
900,8.11767578125e-05,0.07305908203125
901,-0.0001104736328125,-0.0995367431640625
902,7.38525390625e-05,0.066614990234375
903,-2.44140625e-05,-0.022045898437500003
904,0.000186767578125,0.16883789062500001
905,0.000103759765625,0.093902587890625
906,-9.033203125e-05,-0.08184082031249999
907,0.0001849365234375,0.1677374267578125
908,0.0002362060546875,0.21447509765625
909,6.4697265625e-05,0.058809814453125005
910,0.000147705078125,0.13441162109375
911,0.000548095703125,0.49931518554687504
912,-0.000123291015625,-0.11244140625
913,0.0001068115234375,0.0975189208984375
914,5.55419921875e-05,0.050765380859375
915,2.38037109375e-05,0.0217803955078125
916,-0.0001922607421875,-0.17611083984375
917,-0.000269775390625,-0.247384033203125
918,-0.000205078125,-0.18826171875
919,0.000181884765625,0.167152099609375
920,0.0001446533203125,0.1330810546875
921,0.000167236328125,0.15402465820312503
922,0.0002294921875,0.211591796875
923,0.00027099609375,0.25012939453125005
924,0.0001287841796875,0.11899658203124999
925,-0.0001373291015625,-0.1270294189453125
926,-0.0001617431640625,-0.149774169921875
927,0.0001251220703125,0.1159881591796875
928,-6.34765625e-05,-0.05890625
929,0.000238037109375,0.221136474609375
930,0.0004534912109375,0.421746826171875
931,0.0001129150390625,0.10512390136718751
932,0.000250244140625,0.2332275390625
933,9.94873046875e-05,0.0928216552734375
934,-8.544921875e-05,-0.0798095703125
935,-0.0003521728515625,-0.3292816162109375
936,-0.00043212890625,-0.40447265625
937,2.74658203125e-05,0.025735473632812502
938,0.00041259765625,0.3870166015625
939,-2.25830078125e-05,-0.0212054443359375
940,-0.0001507568359375,-0.14171142578125
941,-0.000103759765625,-0.097637939453125
942,-0.000238037109375,-0.22423095703124998
943,0.000533447265625,0.503040771484375
944,5.126953125e-05,0.048398437499999995
945,0.0003643798828125,0.3443389892578125
946,-0.00019775390625,-0.18707519531250003
947,2.44140625e-05,0.0231201171875
948,4.2724609375e-05,0.040502929687499994
949,0.0001788330078125,0.1697125244140625
950,-0.0002142333984375,-0.203521728515625
951,-5.7373046875e-05,-0.054561767578124996
952,0.000255126953125,0.24288085937499998
953,-0.0001873779296875,-0.1785711669921875
954,-0.0003436279296875,-0.32782104492187497
955,-0.000145263671875,-0.138726806640625
956,0.0002911376953125,0.27832763671875
957,-3.72314453125e-05,-0.0356304931640625
958,0.0001055908203125,0.101156005859375
959,-0.00025634765625,-0.24583740234375
960,-8.85009765625e-05,-0.0849609375
961,0.0001788330078125,0.1718585205078125
962,0.0001568603515625,0.15089965820312498
963,-1.89208984375e-05,-0.0182208251953125
964,-0.0001220703125,-0.11767578125
965,0.0001251220703125,0.12074279785156249
966,0.0004351806640625,0.420384521484375
967,-0.0002691650390625,-0.2602825927734375
968,-0.0003594970703125,-0.34799316406249997
969,-9.70458984375e-05,-0.0940374755859375
970,-0.0003521728515625,-0.341607666015625
971,-9.94873046875e-05,-0.09660217285156249
972,0.0002227783203125,0.21654052734374998
973,-0.0002777099609375,-0.2702117919921875
974,-4.8828125e-06,-0.004755859375
975,0.0003472900390625,0.3386077880859375
976,0.0001922607421875,0.187646484375
977,-0.00018310546875,-0.17889404296875
978,-0.0002239990234375,-0.21907104492187499
979,-0.0001995849609375,-0.1953936767578125
980,-7.4462890625e-05,-0.0729736328125
981,-0.0001287841796875,-0.1263372802734375
982,6.591796875e-05,0.06473144531250001
983,-9.765625e-05,-0.09599609375000001
984,-8.544921875e-06,-0.008408203125000001
985,-6.591796875e-05,-0.06492919921875001
986,0.000228271484375,0.22507568359375002
987,0.0001861572265625,0.1837371826171875
988,-7.14111328125e-05,-0.07055419921875
989,-2.13623046875e-05,-0.0211273193359375
990,-0.0001580810546875,-0.156500244140625
991,-0.000247802734375,-0.24557250976562497
992,-0.000245361328125,-0.24339843749999998
993,0.0002606201171875,0.2587957763671875
994,0.000428466796875,0.42589599609374995
995,0.000533447265625,0.5307800292968751
996,0.000421142578125,0.41945800781250003
997,3.23486328125e-05,0.032251586914062505
998,6.103515625e-05,0.0609130859375
999,0.000206298828125,0.206092529296875
