dt,dt/tau,C,C*tau,C*dt
100,1.0,0.25,25.0,25.0
101,1.01,0.1256575927734375,12.56575927734375,12.691416870117187
102,1.02,0.0720325927734375,7.20325927734375,7.347324462890625
103,1.03,0.0463372802734375,4.63372802734375,4.772739868164063
104,1.04,0.032676513671875,3.2676513671875,3.3983574218749997
105,1.05,0.02487188720703125,2.487188720703125,2.611548156738281
106,1.06,0.01972064208984375,1.972064208984375,2.0903880615234374
107,1.07,0.016320556640625,1.6320556640625001,1.7462995605468752
108,1.08,0.01394573974609375,1.394573974609375,1.5061398925781249
109,1.09,0.0120909423828125,1.2090942382812502,1.3179127197265625
110,1.1,0.01069744873046875,1.069744873046875,1.1767193603515624
111,1.11,0.00960479736328125,0.960479736328125,1.0661325073242187
112,1.12,0.00878179931640625,0.878179931640625,0.9835615234375
113,1.13,0.0079259033203125,0.7925903320312501,0.8956270751953125
114,1.14,0.00725653076171875,0.725653076171875,0.8272445068359375
115,1.15,0.0066895751953125,0.66895751953125,0.7693011474609375
116,1.16,0.006170166015625,0.6170166015625,0.7157392578125
117,1.17,0.00571649169921875,0.5716491699218751,0.6688295288085938
118,1.18,0.0053990478515625,0.53990478515625,0.637087646484375
119,1.19,0.00515338134765625,0.5153381347656251,0.6132523803710938
120,1.2,0.00473748779296875,0.473748779296875,0.56849853515625
121,1.21,0.0044996337890625,0.44996337890625,0.5444556884765624
122,1.22,0.0042955322265625,0.42955322265625,0.524054931640625
123,1.23,0.0041221923828125,0.41221923828124996,0.5070296630859374
124,1.24,0.00395489501953125,0.395489501953125,0.49040698242187497
125,1.25,0.00381951904296875,0.381951904296875,0.47743988037109375
126,1.26,0.00362860107421875,0.362860107421875,0.4572037353515625
127,1.27,0.0034417724609375,0.34417724609375,0.4371051025390625
128,1.28,0.00326544189453125,0.32654418945312497,0.4179765625
129,1.29,0.00315570068359375,0.315570068359375,0.4070853881835938
130,1.3,0.0029693603515625,0.29693603515625,0.386016845703125
131,1.31,0.0029193115234375,0.29193115234375,0.3824298095703125
132,1.32,0.00284149169921875,0.284149169921875,0.375076904296875
133,1.33,0.0027557373046875,0.27557373046875,0.3665130615234375
134,1.34,0.002573486328125,0.25734863281250003,0.34484716796875003
135,1.35,0.00246466064453125,0.246466064453125,0.3327291870117188
136,1.36,0.00237322998046875,0.237322998046875,0.32275927734375004
137,1.37,0.00239599609375,0.239599609375,0.32825146484375
138,1.38,0.0023187255859375,0.23187255859375,0.319984130859375
139,1.39,0.00229541015625,0.22954101562499998,0.31906201171875
140,1.4,0.002229248046875,0.2229248046875,0.31209472656250004
141,1.41,0.00223516845703125,0.22351684570312502,0.3151587524414063
142,1.42,0.00219195556640625,0.21919555664062498,0.3112576904296875
143,1.43,0.0020540771484375,0.20540771484375003,0.29373303222656255
144,1.44,0.00202288818359375,0.202288818359375,0.29129589843750003
145,1.45,0.001882080078125,0.1882080078125,0.27290161132812496
146,1.46,0.00189984130859375,0.189984130859375,0.27737683105468747
147,1.47,0.00173541259765625,0.173541259765625,0.25510565185546874
148,1.48,0.00168914794921875,0.168914794921875,0.249993896484375
149,1.49,0.00164630126953125,0.16463012695312498,0.24529888916015624
150,1.5,0.00159722900390625,0.159722900390625,0.2395843505859375
151,1.51,0.001557373046875,0.1557373046875,0.23516333007812498
152,1.52,0.00150537109375,0.150537109375,0.22881640625000002
153,1.53,0.0015172119140625,0.15172119140625,0.2321334228515625
154,1.54,0.00151007080078125,0.151007080078125,0.2325509033203125
155,1.55,0.0013590087890625,0.13590087890625,0.21064636230468747
156,1.56,0.0013314208984375,0.13314208984375,0.20770166015625
157,1.57,0.00138623046875,0.138623046875,0.21763818359375
158,1.58,0.001309326171875,0.13093261718750002,0.20687353515625
159,1.59,0.00132562255859375,0.132562255859375,0.21077398681640627
160,1.6,0.00131640625,0.131640625,0.210625
161,1.61,0.001258056640625,0.1258056640625,0.20254711914062498
162,1.62,0.0013189697265625,0.13189697265625,0.21367309570312498
163,1.63,0.00125238037109375,0.12523803710937498,0.20413800048828123
164,1.64,0.00112615966796875,0.11261596679687501,0.184690185546875
165,1.65,0.0011702880859375,0.11702880859374999,0.1930975341796875
166,1.66,0.001121337890625,0.1121337890625,0.18614208984375
167,1.67,0.00102685546875,0.102685546875,0.17148486328125
168,1.68,0.0010723876953125,0.10723876953125,0.1801611328125
169,1.69,0.0010662841796875,0.10662841796875,0.1802020263671875
170,1.7,0.0010955810546875,0.10955810546875,0.186248779296875
171,1.71,0.0011116943359375,0.11116943359374999,0.19009973144531248
172,1.72,0.00110919189453125,0.11091918945312498,0.190781005859375
173,1.73,0.0010238037109375,0.10238037109375,0.1771180419921875
174,1.74,0.001067626953125,0.1067626953125,0.18576708984375
175,1.75,0.0009493408203125,0.09493408203125,0.16613464355468752
176,1.76,0.00088702392578125,0.088702392578125,0.1561162109375
177,1.77,0.00087835693359375,0.087835693359375,0.15546917724609374
178,1.78,0.000902099609375,0.0902099609375,0.16057373046874998
179,1.79,0.0009442138671875,0.09442138671875,0.1690142822265625
180,1.8,0.00094378662109375,0.094378662109375,0.16988159179687498
181,1.81,0.00092291259765625,0.09229125976562501,0.16704718017578127
182,1.82,0.0009151611328125,0.09151611328125,0.166559326171875
183,1.83,0.000861572265625,0.0861572265625,0.157667724609375
184,1.84,0.000814453125,0.08144531249999999,0.149859375
185,1.85,0.000875732421875,0.08757324218750001,0.162010498046875
186,1.86,0.0009080810546875,0.09080810546875,0.168903076171875
187,1.87,0.00084423828125,0.084423828125,0.15787255859375002
188,1.88,0.0007943115234375,0.07943115234374999,0.14933056640625
189,1.89,0.00079840087890625,0.079840087890625,0.15089776611328123
190,1.9,0.00075335693359375,0.075335693359375,0.1431378173828125
191,1.91,0.00074774169921875,0.074774169921875,0.14281866455078124
192,1.92,0.00077679443359375,0.077679443359375,0.14914453125
193,1.93,0.00071453857421875,0.071453857421875,0.13790594482421875
194,1.94,0.000805419921875,0.0805419921875,0.15625146484375
195,1.95,0.000749267578125,0.0749267578125,0.146107177734375
196,1.96,0.0006923828125,0.06923828124999999,0.13570703125
197,1.97,0.00063232421875,0.063232421875,0.12456787109374999
198,1.98,0.0005611572265625,0.056115722656250006,0.11110913085937502
199,1.99,0.0006302490234375,0.06302490234375001,0.12541955566406252
200,2.0,0.000697509765625,0.06975097656250001,0.13950195312500002
201,2.01,0.00064862060546875,0.064862060546875,0.13037274169921875
202,2.02,0.000575439453125,0.057543945312500004,0.11623876953125001
203,2.03,0.0006693115234375,0.06693115234375,0.1358702392578125
204,2.04,0.00067352294921875,0.067352294921875,0.137398681640625
205,2.05,0.00066827392578125,0.066827392578125,0.13699615478515625
206,2.06,0.00062091064453125,0.062091064453125,0.1279075927734375
207,2.07,0.00055517578125,0.055517578125,0.11492138671875
208,2.08,0.00061700439453125,0.061700439453125,0.1283369140625
209,2.09,0.00066064453125,0.066064453125,0.13807470703125
210,2.1,0.00053082275390625,0.053082275390624996,0.1114727783203125
211,2.11,0.0004737548828125,0.047375488281249996,0.0999622802734375
212,2.12,0.00049053955078125,0.049053955078125,0.10399438476562502
213,2.13,0.00049139404296875,0.049139404296875,0.10466693115234375
214,2.14,0.0005936279296875,0.05936279296875001,0.127036376953125
215,2.15,0.00054644775390625,0.054644775390625,0.11748626708984375
216,2.16,0.00051544189453125,0.051544189453125,0.11133544921875001
217,2.17,0.00053125,0.053125000000000006,0.11528125
218,2.18,0.0005035400390625,0.05035400390625,0.109771728515625
219,2.19,0.00055810546875,0.055810546875,0.12222509765625
220,2.2,0.00042083740234375,0.042083740234375,0.09258422851562499
221,2.21,0.00042041015625,0.042041015625,0.09291064453125
222,2.22,0.0004329833984375,0.04329833984375,0.09612231445312501
223,2.23,0.00043878173828125,0.043878173828125,0.09784832763671875
224,2.24,0.00049853515625,0.049853515625,0.11167187499999999
225,2.25,0.0004970703125,0.04970703125,0.1118408203125
226,2.26,0.00050341796875,0.050341796875,0.11377246093749999
227,2.27,0.0004022216796875,0.04022216796875,0.0913043212890625
228,2.28,0.00038690185546875,0.038690185546875006,0.08821362304687501
229,2.29,0.0003704833984375,0.03704833984375,0.0848406982421875
230,2.3,0.0004473876953125,0.04473876953125,0.102899169921875
231,2.31,0.0003538818359375,0.03538818359375,0.0817467041015625
232,2.32,0.000356201171875,0.0356201171875,0.082638671875
233,2.33,0.00046527099609375,0.046527099609375004,0.10840814208984376
234,2.34,0.00051806640625,0.051806640625,0.1212275390625
235,2.35,0.0004302978515625,0.04302978515625,0.1011199951171875
236,2.36,0.00045758056640625,0.045758056640625,0.107989013671875
237,2.37,0.00045599365234375,0.045599365234375,0.10807049560546875
238,2.38,0.00036895751953125,0.036895751953125,0.0878118896484375
239,2.39,0.0003721923828125,0.03721923828125,0.0889539794921875
240,2.4,0.00041015625,0.041015625,0.0984375
241,2.41,0.00038916015625,0.038916015625,0.09378759765625
242,2.42,0.0003834228515625,0.03834228515625,0.092788330078125
243,2.43,0.000428955078125,0.0428955078125,0.10423608398437499
244,2.44,0.000362548828125,0.0362548828125,0.08846191406250001
245,2.45,0.000375,0.0375,0.091875
246,2.46,0.0002857666015625,0.028576660156250003,0.07029858398437501
247,2.47,0.0002608642578125,0.02608642578125,0.0644334716796875
248,2.48,0.000330078125,0.033007812500000004,0.08185937500000001
249,2.49,0.00035760498046875,0.035760498046875,0.08904364013671875
250,2.5,0.0004072265625,0.040722656249999996,0.101806640625
251,2.51,0.0003343505859375,0.03343505859375,0.08392199707031249
252,2.52,0.00035260009765625,0.035260009765625,0.088855224609375
253,2.53,0.00035107421875,0.035107421874999996,0.08882177734374999
254,2.54,0.000432373046875,0.0432373046875,0.10982275390625
255,2.55,0.00032421875,0.032421875,0.08267578125000001
256,2.56,0.00030242919921875,0.030242919921875,0.077421875
257,2.57,0.0003719482421875,0.03719482421875,0.09559069824218751
258,2.58,0.00048046875,0.048046875,0.12396093749999999
259,2.59,0.0004061279296875,0.04061279296875,0.1051871337890625
260,2.6,0.00031939697265625,0.031939697265625,0.083043212890625
261,2.61,0.000296875,0.0296875,0.077484375
262,2.62,0.0003720703125,0.03720703125,0.097482421875
263,2.63,0.00033648681640625,0.033648681640625,0.08849603271484374
264,2.64,0.00032525634765625,0.032525634765625,0.08586767578125
265,2.65,0.00045361328125,0.045361328125,0.12020751953125
266,2.66,0.00042059326171875,0.042059326171875,0.1118778076171875
267,2.67,0.00030621337890625,0.030621337890625003,0.08175897216796875
268,2.68,0.00035906982421875,0.035906982421875,0.096230712890625
269,2.69,0.00025433349609375,0.025433349609375,0.06841571044921875
270,2.7,0.00029998779296875,0.029998779296875,0.0809967041015625
271,2.71,0.00030352783203125,0.030352783203125,0.08225604248046875
272,2.72,0.00026727294921875,0.026727294921875,0.0726982421875
273,2.73,0.00031207275390625,0.031207275390625004,0.08519586181640626
274,2.74,0.00040399169921875,0.040399169921875,0.1106937255859375
275,2.75,0.00039544677734375,0.039544677734375,0.10874786376953126
276,2.76,0.0002861328125,0.028613281249999997,0.07897265625
277,2.77,0.0002763671875,0.027636718749999997,0.07655371093749999
278,2.78,0.0003419189453125,0.03419189453125,0.095053466796875
279,2.79,0.000227294921875,0.022729492187500002,0.063415283203125
280,2.8,0.00027728271484375,0.027728271484375,0.07763916015625
281,2.81,0.00037994384765625,0.037994384765625,0.10676422119140624
282,2.82,0.0002327880859375,0.02327880859375,0.065646240234375
283,2.83,0.000247314453125,0.024731445312499996,0.069989990234375
284,2.84,0.00021588134765625,0.021588134765625,0.061310302734374995
285,2.85,0.00022076416015625,0.022076416015625,0.06291778564453125
286,2.86,0.00022930908203125,0.022930908203125,0.0655823974609375
287,2.87,0.00025738525390625,0.025738525390625,0.07386956787109375
288,2.88,0.000236083984375,0.0236083984375,0.0679921875
289,2.89,0.00029278564453125,0.029278564453125,0.08461505126953124
290,2.9,0.00024884033203125,0.024884033203125,0.0721636962890625
291,2.91,0.00029425048828125,0.029425048828124998,0.08562689208984374
292,2.92,0.0002437744140625,0.024377441406250002,0.07118212890625
293,2.93,0.00026385498046875,0.026385498046875004,0.07730950927734376
294,2.94,0.00030731201171875,0.030731201171875,0.0903497314453125
295,2.95,0.0003507080078125,0.03507080078125,0.10345886230468751
296,2.96,0.00025537109375,0.025537109375000002,0.07558984375
297,2.97,0.00021258544921875,0.021258544921875,0.06313787841796875
298,2.98,0.0002745361328125,0.02745361328125,0.081811767578125
299,2.99,0.00016741943359375,0.016741943359375,0.050058410644531245
300,3.0,0.00018475341796875,0.018475341796875,0.055426025390625
301,3.01,0.000197509765625,0.0197509765625,0.059450439453125004
302,3.02,0.0002093505859375,0.02093505859375,0.06322387695312501
303,3.03,0.0002276611328125,0.02276611328125,0.0689813232421875
304,3.04,0.00017022705078125,0.017022705078125002,0.0517490234375
305,3.05,0.0001007080078125,0.01007080078125,0.0307159423828125
306,3.06,0.0001541748046875,0.015417480468749998,0.047177490234374994
307,3.07,0.0002470703125,0.02470703125,0.0758505859375
308,3.08,0.00025970458984375,0.025970458984375,0.079989013671875
309,3.09,0.0002344970703125,0.02344970703125,0.0724595947265625
310,3.1,0.0002564697265625,0.02564697265625,0.079505615234375
311,3.11,0.000242919921875,0.0242919921875,0.075548095703125
312,3.12,0.00027117919921875,0.027117919921874997,0.08460791015625
313,3.13,0.000187255859375,0.0187255859375,0.058611083984375
314,3.14,0.00025469970703125,0.025469970703125,0.07997570800781251
315,3.15,0.00023388671875,0.023388671875,0.07367431640625
316,3.16,0.0002816162109375,0.02816162109375,0.08899072265625
317,3.17,0.00019573974609375,0.019573974609375,0.062049499511718745
318,3.18,0.0002052001953125,0.02052001953125,0.065253662109375
319,3.19,0.00024261474609375,0.024261474609375,0.07739410400390626
320,3.2,0.00026788330078125,0.026788330078125002,0.08572265625
321,3.21,0.0002430419921875,0.024304199218750003,0.0780164794921875
322,3.22,0.00023828125,0.023828125,0.0767265625
323,3.23,0.00019677734375,0.019677734375000002,0.06355908203125
324,3.24,0.00017462158203125,0.017462158203125,0.056577392578125
325,3.25,0.0001702880859375,0.01702880859375,0.0553436279296875
326,3.26,0.0002525634765625,0.02525634765625,0.082335693359375
327,3.27,0.00025592041015625,0.025592041015624997,0.08368597412109374
328,3.28,0.0002392578125,0.02392578125,0.0784765625
329,3.29,0.00023388671875,0.023388671875,0.07694873046874999
330,3.3,0.0002567138671875,0.02567138671875,0.08471557617187501
331,3.31,0.00033868408203125,0.033868408203125006,0.11210443115234375
332,3.32,0.0003297119140625,0.03297119140625,0.10946435546875
333,3.33,0.00024285888671875,0.024285888671875002,0.08087200927734375
334,3.34,7.0068359375e-05,0.0070068359375,0.023402832031249998
335,3.35,0.000162109375,0.0162109375,0.054306640625
336,3.36,0.00022491455078125,0.022491455078125,0.0755712890625
337,3.37,0.00024212646484375,0.024212646484375,0.08159661865234376
338,3.38,0.00028851318359375,0.028851318359375003,0.0975174560546875
339,3.39,0.00030157470703125,0.030157470703124998,0.10223382568359375
340,3.4,0.00021490478515625,0.021490478515624998,0.07306762695312499
341,3.41,0.0002061767578125,0.02061767578125,0.07030627441406251
342,3.42,0.000247802734375,0.024780273437499997,0.08474853515624999
343,3.43,0.00028448486328125,0.028448486328124998,0.09757830810546875
344,3.44,0.0001767578125,0.017675781249999998,0.060804687499999996
345,3.45,0.000203857421875,0.0203857421875,0.070330810546875
346,3.46,0.000193115234375,0.019311523437500002,0.06681787109375001
347,3.47,0.000164794921875,0.0164794921875,0.057183837890625006
348,3.48,7.879638671875e-05,0.007879638671875,0.027421142578125
349,3.49,0.0001038818359375,0.01038818359375,0.036254760742187496
350,3.5,0.000237548828125,0.0237548828125,0.08314208984375
351,3.51,0.0001478271484375,0.014782714843750001,0.051887329101562504
352,3.52,0.00019207763671875,0.019207763671875,0.067611328125
353,3.53,0.00010003662109375,0.010003662109375,0.03531292724609375
354,3.54,0.00014544677734375,0.014544677734375,0.0514881591796875
355,3.55,0.00020819091796875,0.020819091796875,0.07390777587890625
356,3.56,0.0001885986328125,0.01885986328125,0.06714111328125
357,3.57,0.0001473388671875,0.01473388671875,0.0525999755859375
358,3.58,0.00014263916015625,0.014263916015625001,0.051064819335937504
359,3.59,8.294677734375e-05,0.008294677734375,0.02977789306640625
360,3.6,7.989501953125e-05,0.007989501953125,0.028762207031249997
361,3.61,5.8837890625e-05,0.0058837890624999995,0.021240478515624998
362,3.62,0.00010662841796875,0.010662841796875001,0.0385994873046875
363,3.63,0.0001107177734375,0.01107177734375,0.0401905517578125
364,3.64,3.936767578125e-05,0.003936767578125,0.014329833984375
365,3.65,2.197265625e-05,0.002197265625,0.00802001953125
366,3.66,9.295654296875e-05,0.009295654296874999,0.0340220947265625
367,3.67,6.99462890625e-05,0.00699462890625,0.0256702880859375
368,3.68,0.0001015625,0.01015625,0.037375
369,3.69,0.0001007080078125,0.01007080078125,0.0371612548828125
370,3.7,0.0001552734375,0.01552734375,0.057451171875
371,3.71,0.0002281494140625,0.02281494140625,0.0846434326171875
372,3.72,0.00016339111328125,0.016339111328125,0.060781494140625
373,3.73,0.0001270751953125,0.01270751953125,0.047399047851562494
374,3.74,0.00017138671875,0.017138671874999997,0.0640986328125
375,3.75,0.00014453125,0.014453124999999999,0.05419921875
376,3.76,0.00017431640625,0.017431640624999998,0.06554296875
377,3.77,9.375e-05,0.009375,0.03534375
378,3.78,0.0001434326171875,0.01434326171875,0.054217529296875004
379,3.79,0.0001431884765625,0.014318847656250001,0.0542684326171875
380,3.8,0.0001343994140625,0.01343994140625,0.05107177734375
381,3.81,0.0001658935546875,0.01658935546875,0.0632054443359375
382,3.82,0.000193603515625,0.0193603515625,0.07395654296875
383,3.83,0.00017694091796875,0.017694091796875,0.06776837158203125
384,3.84,0.00011773681640625,0.011773681640625,0.0452109375
385,3.85,0.00015325927734375,0.015325927734375001,0.05900482177734375
386,3.86,9.65576171875e-05,0.009655761718750001,0.037271240234375
387,3.87,0.00012164306640625,0.012164306640625,0.04707586669921875
388,3.88,0.0001719970703125,0.01719970703125,0.06673486328125
389,3.89,0.000158447265625,0.0158447265625,0.061635986328125
390,3.9,0.00017694091796875,0.017694091796875,0.0690069580078125
391,3.91,0.00022772216796875,0.022772216796874998,0.08903936767578124
392,3.92,0.0002188720703125,0.021887207031249998,0.0857978515625
393,3.93,0.00015667724609375,0.015667724609375003,0.06157415771484375
394,3.94,0.00011553955078125,0.011553955078125,0.0455225830078125
395,3.95,0.00013055419921875,0.013055419921874999,0.05156890869140625
396,3.96,0.000159912109375,0.0159912109375,0.0633251953125
397,3.97,0.0001488037109375,0.01488037109375,0.059075073242187505
398,3.98,0.000116943359375,0.0116943359375,0.04654345703125
399,3.99,6.5185546875e-05,0.006518554687500001,0.026009033203125
400,4.0,0.0001324462890625,0.01324462890625,0.052978515625
401,4.01,0.00011529541015625,0.011529541015625,0.04623345947265625
402,4.02,0.00015338134765625,0.015338134765624999,0.0616593017578125
403,4.03,0.00012432861328125,0.012432861328125,0.05010443115234375
404,4.04,9.893798828125e-05,0.009893798828125,0.039970947265625
405,4.05,8.905029296875e-05,0.008905029296875,0.03606536865234375
406,4.06,2.423095703125e-05,0.002423095703125,0.009837768554687501
407,4.07,6.0791015625e-05,0.0060791015625,0.024741943359375
408,4.08,4.290771484375e-05,0.004290771484375,0.017506347656249997
409,4.09,5.55419921875e-05,0.00555419921875,0.0227166748046875
410,4.1,0.00011724853515625,0.011724853515625,0.0480718994140625
411,4.11,0.00011041259765625,0.011041259765625,0.04537957763671875
412,4.12,0.0002464599609375,0.02464599609375,0.10154150390625001
413,4.13,7.75146484375e-05,0.00775146484375,0.0320135498046875
414,4.14,0.00010198974609375,0.010198974609375,0.0422237548828125
415,4.15,0.0001558837890625,0.015588378906249999,0.06469177246093749
416,4.16,6.84814453125e-05,0.006848144531250001,0.028488281250000004
417,4.17,0.00018597412109375,0.018597412109375,0.07755120849609376
418,4.18,7.354736328125e-05,0.007354736328125,0.030742797851562503
419,4.19,7.71484375e-05,0.00771484375,0.0323251953125
420,4.2,0.00012286376953125,0.012286376953124999,0.051602783203124995
421,4.21,5.23681640625e-05,0.00523681640625,0.0220469970703125
422,4.22,3.131103515625e-05,0.0031311035156250003,0.013213256835937501
423,4.23,0.0001329345703125,0.013293457031249999,0.0562313232421875
424,4.24,0.0001573486328125,0.01573486328125,0.0667158203125
425,4.25,0.00017645263671875,0.017645263671875,0.07499237060546875
426,4.26,6.72607421875e-05,0.00672607421875,0.028653076171875003
427,4.27,3.948974609375e-05,0.003948974609375,0.01686212158203125
428,4.28,4.3212890625e-05,0.0043212890625,0.0184951171875
429,4.29,0.0001533203125,0.01533203125,0.0657744140625
430,4.3,0.0001563720703125,0.01563720703125,0.06723999023437499
431,4.31,0.00017266845703125,0.017266845703125002,0.07442010498046875
432,4.32,0.000134765625,0.0134765625,0.05821875000000001
433,4.33,0.00014105224609375,0.014105224609375,0.06107562255859375
434,4.34,7.67822265625e-05,0.00767822265625,0.033323486328125
435,4.35,7.5439453125e-05,0.0075439453125,0.032816162109375
436,4.36,3.131103515625e-05,0.0031311035156250003,0.013651611328125
437,4.37,-1.983642578125e-05,-0.001983642578125,-0.00866851806640625
438,4.38,7.7392578125e-05,0.0077392578125,0.03389794921875
439,4.39,8.148193359375e-05,0.008148193359375,0.035770568847656246
440,4.4,0.0001116943359375,0.01116943359375,0.0491455078125
441,4.41,0.00013623046875,0.013623046875000001,0.06007763671875001
442,4.42,7.94677734375e-05,0.007946777343750001,0.035124755859375
443,4.43,0.00019610595703125,0.019610595703125,0.08687493896484375
444,4.44,0.00012335205078125,0.012335205078125,0.054768310546875
445,4.45,8.89892578125e-05,0.008898925781249999,0.0396002197265625
446,4.46,-1.72119140625e-05,-0.0017211914062499997,-0.0076765136718749995
447,4.47,0.0001114501953125,0.01114501953125,0.0498182373046875
448,4.48,0.00011419677734375,0.011419677734375,0.05116015625
449,4.49,0.0001153564453125,0.01153564453125,0.051795043945312494
450,4.5,0.000143310546875,0.014331054687499999,0.06448974609375
451,4.51,5.859375e-05,0.005859375,0.02642578125
452,4.52,0.00010699462890625,0.010699462890624999,0.048361572265625
453,4.53,0.00010052490234375,0.010052490234375,0.04553778076171875
454,4.54,6.903076171875e-05,0.006903076171875,0.0313399658203125
455,4.55,0.00011376953125,0.011376953125,0.05176513671875
456,4.56,9.58251953125e-05,0.00958251953125,0.043696289062500004
457,4.57,0.00013165283203125,0.013165283203125,0.06016534423828125
458,4.58,9.185791015625e-05,0.009185791015625,0.0420709228515625
459,4.59,9.716796875e-05,0.009716796875000001,0.044600097656250004
460,4.6,8.4228515625e-05,0.0084228515625,0.0387451171875
461,4.61,0.00010589599609375,0.010589599609375,0.04881805419921875
462,4.62,0.000128173828125,0.0128173828125,0.05921630859375
463,4.63,8.514404296875e-05,0.008514404296875,0.03942169189453125
464,4.64,0.00016876220703125,0.016876220703125,0.0783056640625
465,4.65,8.89892578125e-05,0.008898925781249999,0.0413800048828125
466,4.66,6.744384765625e-05,0.006744384765625,0.0314288330078125
467,4.67,9.259033203125e-05,0.009259033203125,0.04323968505859375
468,4.68,0.000172119140625,0.0172119140625,0.0805517578125
469,4.69,7.928466796875e-05,0.007928466796875,0.03718450927734375
470,4.7,4.034423828125e-05,0.0040344238281250005,0.0189617919921875
471,4.71,8.697509765625e-05,0.008697509765625,0.040965270996093754
472,4.72,0.00011517333984375,0.011517333984375,0.05436181640625
473,4.73,5.401611328125e-05,0.005401611328125,0.02554962158203125
474,4.74,3.6376953125e-05,0.0036376953124999997,0.017242675781249998
475,4.75,5.023193359375e-05,0.005023193359375,0.023860168457031247
476,4.76,3.338623046875e-05,0.003338623046875,0.015891845703125
477,4.77,6.243896484375e-05,0.006243896484375,0.029783386230468747
478,4.78,9.1552734375e-05,0.0091552734375,0.04376220703125
479,4.79,8.428955078125e-05,0.008428955078125,0.04037469482421875
480,4.8,3.72314453125e-05,0.00372314453125,0.01787109375
481,4.81,0.00016534423828125,0.016534423828125002,0.07953057861328125
482,4.82,0.00015240478515625,0.015240478515625,0.07345910644531249
483,4.83,5.65185546875e-05,0.0056518554687500005,0.027298461914062502
484,4.84,0.00014697265625,0.014697265624999999,0.071134765625
485,4.85,0.0001165771484375,0.01165771484375,0.056539916992187494
486,4.86,0.000151611328125,0.0151611328125,0.07368310546875
487,4.87,0.0001220703125,0.01220703125,0.0594482421875
488,4.88,0.00010113525390625,0.010113525390625,0.04935400390625
489,4.89,5.816650390625e-05,0.005816650390625,0.02844342041015625
490,4.9,4.296875e-05,0.0042968749999999995,0.0210546875
491,4.91,5.633544921875e-05,0.005633544921875001,0.027660705566406252
492,4.92,4.766845703125e-05,0.0047668457031250005,0.023452880859375
493,4.93,3.41796875e-05,0.0034179687500000004,0.016850585937500002
494,4.94,5.975341796875e-05,0.0059753417968749995,0.0295181884765625
495,4.95,2.642822265625e-05,0.002642822265625,0.01308197021484375
496,4.96,0.0001146240234375,0.011462402343749999,0.056853515624999997
497,4.97,9.088134765625e-05,0.009088134765625,0.04516802978515625
498,4.98,1.824951171875e-05,0.001824951171875,0.0090882568359375
499,4.99,0.00011474609375,0.011474609375,0.05725830078124999
500,5.0,6.591796875e-06,0.0006591796875,0.0032958984375
501,5.01,0.0001396484375,0.013964843749999999,0.0699638671875
502,5.02,0.0001781005859375,0.01781005859375,0.089406494140625
503,5.03,0.00012103271484375,0.012103271484375,0.060879455566406254
504,5.04,0.000121337890625,0.0121337890625,0.061154296875
505,5.05,9.637451171875e-05,0.009637451171875,0.04866912841796875
506,5.06,0.0001875,0.01875,0.094875
507,5.07,0.00018939208984375,0.018939208984375,0.09602178955078125
508,5.08,0.0001014404296875,0.01014404296875,0.051531738281249996
509,5.09,0.00013177490234375,0.013177490234374999,0.06707342529296874
510,5.1,0.0001209716796875,0.01209716796875,0.061695556640624996
511,5.11,0.00011767578125,0.011767578124999999,0.06013232421875
512,5.12,6.121826171875e-05,0.006121826171874999,0.03134375
513,5.13,4.229736328125e-05,0.004229736328125,0.021698547363281247
514,5.14,0.000117919921875,0.0117919921875,0.06061083984375
515,5.15,0.000112060546875,0.0112060546875,0.057711181640625005
516,5.16,0.00015264892578125,0.015264892578125,0.07876684570312499
517,5.17,0.0001463623046875,0.01463623046875,0.0756693115234375
518,5.18,8.7890625e-05,0.0087890625,0.04552734375
519,5.19,0.00010205078125,0.010205078125,0.052964355468749995
520,5.2,0.0001175537109375,0.01175537109375,0.0611279296875
521,5.21,9.716796875e-05,0.009716796875000001,0.05062451171875
522,5.22,8.831787109375e-05,0.008831787109375001,0.046101928710937504
523,5.23,3.582763671875e-05,0.0035827636718749997,0.01873785400390625
524,5.24,3.0517578125e-06,0.00030517578125,0.0015991210937500002
525,5.25,9.19189453125e-05,0.00919189453125,0.0482574462890625
526,5.26,6.695556640625e-05,0.006695556640625,0.035218627929687496
527,5.27,0.00014337158203125,0.014337158203125002,0.07555682373046875
528,5.28,0.00013629150390625,0.013629150390625,0.07196191406250001
529,5.29,1.953125e-06,0.0001953125,0.001033203125
530,5.3,-3.86962890625e-05,-0.00386962890625,-0.020509033203125
531,5.31,-1.336669921875e-05,-0.001336669921875,-0.00709771728515625
532,5.32,8.135986328125e-05,0.008135986328124999,0.043283447265625
533,5.33,7.373046875e-05,0.007373046875,0.03929833984375
534,5.34,8.746337890625e-05,0.008746337890625,0.0467054443359375
535,5.35,0.00011248779296875,0.011248779296875,0.06018096923828125
536,5.36,0.00015899658203125,0.015899658203125,0.08522216796875
537,5.37,0.0001617431640625,0.01617431640625,0.0868560791015625
538,5.38,0.0002056884765625,0.02056884765625,0.110660400390625
539,5.39,1.470947265625e-05,0.0014709472656249999,0.00792840576171875
540,5.4,9.417724609375e-05,0.009417724609374999,0.050855712890624995
541,5.41,2.79541015625e-05,0.0027954101562500003,0.015123168945312501
542,5.42,4.50439453125e-05,0.00450439453125,0.024413818359375
543,5.43,0.00012701416015625,0.012701416015625,0.06896868896484375
544,5.44,7.122802734375e-05,0.007122802734375,0.038748046875000004
545,5.45,5.419921875e-05,0.005419921875,0.02953857421875
546,5.46,7.21435546875e-05,0.007214355468749999,0.039390380859375
547,5.47,0.00010467529296875,0.010467529296875,0.05725738525390625
548,5.48,9.21630859375e-06,0.000921630859375,0.005050537109374999
549,5.49,7.720947265625e-05,0.007720947265624999,0.042388000488281244
550,5.5,3.13720703125e-05,0.00313720703125,0.017254638671875
551,5.51,3.179931640625e-05,0.003179931640625,0.01752142333984375
552,5.52,-1.20849609375e-05,-0.00120849609375,-0.0066708984375
553,5.53,8.7890625e-06,0.0008789062499999999,0.0048603515624999994
554,5.54,3.143310546875e-05,0.003143310546875,0.0174139404296875
555,5.55,6.011962890625e-05,0.006011962890625,0.03336639404296875
556,5.56,-3.96728515625e-06,-0.000396728515625,-0.002205810546875
557,5.57,3.96728515625e-05,0.00396728515625,0.0220977783203125
558,5.58,6.2255859375e-05,0.0062255859375,0.03473876953125
559,5.59,2.44140625e-07,2.44140625e-05,0.000136474609375
560,5.6,0.0001002197265625,0.01002197265625,0.056123046875
561,5.61,-6.82373046875e-05,-0.006823730468750001,-0.038281127929687506
562,5.62,3.497314453125e-05,0.003497314453125,0.019654907226562497
563,5.63,2.44140625e-06,0.000244140625,0.00137451171875
564,5.64,0.00013336181640625,0.013336181640625,0.075216064453125
565,5.65,0.000149658203125,0.0149658203125,0.08455688476562499
566,5.66,0.00016534423828125,0.016534423828125002,0.0935848388671875
567,5.67,0.00019720458984375,0.019720458984374998,0.11181500244140624
568,5.68,6.0546875e-05,0.0060546875,0.034390625
569,5.69,0.0002012939453125,0.02012939453125,0.11453625488281251
570,5.7,0.0001304931640625,0.013049316406249999,0.07438110351562499
571,5.71,9.674072265625e-05,0.009674072265625,0.05523895263671875
572,5.72,0.00012322998046875,0.012322998046875,0.07048754882812501
573,5.73,0.00014288330078125,0.014288330078125001,0.08187213134765625
574,5.74,0.0001357421875,0.013574218750000002,0.077916015625
575,5.75,8.04443359375e-05,0.00804443359375,0.0462554931640625
576,5.76,5.596923828125e-05,0.005596923828125,0.03223828125
577,5.77,6.0302734375e-05,0.0060302734375,0.034794677734375
578,5.78,7.51953125e-05,0.00751953125,0.043462890625
579,5.79,6.982421875e-05,0.0069824218749999995,0.04042822265625
580,5.8,0.000160400390625,0.0160400390625,0.0930322265625
581,5.81,5.06591796875e-05,0.00506591796875,0.029432983398437498
582,5.82,6.35986328125e-05,0.00635986328125,0.037014404296875004
583,5.83,9.039306640625e-05,0.009039306640625001,0.05269915771484375
584,5.84,0.00013470458984375,0.013470458984375,0.07866748046875
585,5.85,6.439208984375e-05,0.006439208984375,0.03766937255859375
586,5.86,-3.2958984375e-06,-0.00032958984375,-0.001931396484375
587,5.87,-1.2939453125e-05,-0.0012939453125,-0.007595458984375
588,5.88,1.568603515625e-05,0.001568603515625,0.009223388671875
589,5.89,7.354736328125e-05,0.007354736328125,0.04331939697265625
590,5.9,8.72802734375e-06,0.0008728027343749999,0.005149536132812499
591,5.91,0.000116943359375,0.0116943359375,0.069113525390625
592,5.92,-1.89208984375e-06,-0.000189208984375,-0.0011201171875
593,5.93,4.693603515625e-05,0.004693603515625,0.02783306884765625
594,5.94,-3.271484375e-05,-0.003271484375,-0.0194326171875
595,5.95,8.69140625e-05,0.00869140625,0.0517138671875
596,5.96,6.695556640625e-05,0.006695556640625,0.039905517578125
597,5.97,-3.0517578125e-06,-0.00030517578125,-0.0018218994140625
598,5.98,5.926513671875e-05,0.005926513671875,0.0354405517578125
599,5.99,6.57958984375e-05,0.006579589843750001,0.039411743164062506
600,6.0,0.00013360595703125,0.013360595703125,0.08016357421875
601,6.01,2.081298828125e-05,0.002081298828125,0.01250860595703125
602,6.02,-4.833984375e-05,-0.004833984375,-0.029100585937500003
603,6.03,2.6123046875e-05,0.0026123046875,0.015752197265625
604,6.04,-6.103515625e-07,-6.103515625e-05,-0.00036865234375
605,6.05,-9.09423828125e-06,-0.0009094238281249999,-0.00550201416015625
606,6.06,-3.369140625e-05,-0.003369140625,-0.0204169921875
607,6.07,-8.306884765625e-05,-0.008306884765625,-0.05042279052734375
608,6.08,2.8564453125e-05,0.0028564453125000003,0.017367187500000002
609,6.09,0.0001082763671875,0.01082763671875,0.0659403076171875
610,6.1,-2.105712890625e-05,-0.002105712890625,-0.0128448486328125
611,6.11,7.501220703125e-05,0.007501220703125,0.045832458496093756
612,6.12,3.216552734375e-05,0.003216552734375,0.019685302734375
613,6.13,3.033447265625e-05,0.003033447265625,0.01859503173828125
614,6.14,8.9111328125e-06,0.00089111328125,0.0054714355468749995
615,6.15,7.110595703125e-05,0.007110595703125,0.04373016357421875
616,6.16,1.94091796875e-05,0.00194091796875,0.0119560546875
617,6.17,-4.345703125e-05,-0.004345703125,-0.02681298828125
618,6.18,-9.38720703125e-05,-0.00938720703125,-0.058012939453125
619,6.19,3.717041015625e-05,0.003717041015625,0.02300848388671875
620,6.2,4.656982421875e-05,0.004656982421875,0.028873291015625
621,6.21,0.00013330078125,0.013330078125,0.08277978515625001
622,6.22,9.442138671875e-05,0.009442138671875,0.058730102539062495
623,6.23,9.466552734375e-05,0.009466552734375,0.058976623535156245
624,6.24,0.00014569091796875,0.014569091796875,0.0909111328125
625,6.25,0.00014349365234375,0.014349365234375,0.08968353271484375
626,6.26,5.731201171875e-05,0.0057312011718749995,0.0358773193359375
627,6.27,6.7626953125e-05,0.006762695312500001,0.042402099609375
628,6.28,7.745361328125e-05,0.0077453613281249995,0.048640869140624994
629,6.29,0.0002373046875,0.02373046875,0.1492646484375
630,6.3,0.00016900634765625,0.016900634765625002,0.1064739990234375
631,6.31,7.87353515625e-05,0.00787353515625,0.0496820068359375
632,6.32,6.93359375e-05,0.00693359375,0.04382031249999999
633,6.33,7.26318359375e-05,0.00726318359375,0.0459759521484375
634,6.34,0.00020794677734375,0.020794677734375,0.1318382568359375
635,6.35,0.00015625,0.015625,0.09921875000000001
636,6.36,5.096435546875e-05,0.005096435546875,0.032413330078125
637,6.37,3.387451171875e-05,0.0033874511718750004,0.02157806396484375
638,6.38,3.851318359375e-05,0.003851318359375,0.024571411132812502
639,6.39,5.682373046875e-05,0.0056823730468750005,0.03631036376953125
640,6.4,0.0001346435546875,0.01346435546875,0.086171875
641,6.41,0.00021136474609375,0.021136474609375,0.13548480224609374
642,6.42,9.674072265625e-05,0.009674072265625,0.062107543945312496
643,6.43,7.818603515625e-05,0.007818603515625,0.05027362060546875
644,6.44,6.219482421875e-05,0.0062194824218749995,0.040053466796875
645,6.45,5.21240234375e-05,0.0052124023437499995,0.0336199951171875
646,6.46,5.67626953125e-05,0.00567626953125,0.036668701171875005
647,6.47,-3.30810546875e-05,-0.00330810546875,-0.021403442382812502
648,6.48,4.925537109375e-05,0.004925537109375,0.03191748046875
649,6.49,7.257080078125e-05,0.007257080078125,0.047098449707031254
650,6.5,-1.171875e-05,-0.001171875,-0.0076171875
651,6.51,8.099365234375e-05,0.008099365234375,0.05272686767578125
652,6.52,4.7607421875e-06,0.00047607421875,0.00310400390625
653,6.53,9.3994140625e-06,0.00093994140625,0.0061378173828125
654,6.54,-1.77001953125e-05,-0.0017700195312499998,-0.011575927734375
655,6.55,-4.473876953125e-05,-0.004473876953125,-0.02930389404296875
656,6.56,-1.03759765625e-05,-0.00103759765625,-0.006806640625000001
657,6.57,2.130126953125e-05,0.002130126953125,0.013994934082031249
658,6.58,-4.400634765625e-05,-0.004400634765625,-0.0289561767578125
659,6.59,-2.3681640625e-05,-0.0023681640625000003,-0.015606201171875
660,6.6,-2.5390625e-05,-0.0025390625,-0.0167578125
661,6.61,-4.8828125e-06,-0.00048828125,-0.0032275390625
662,6.62,2.96630859375e-05,0.00296630859375,0.019636962890624998
663,6.63,6.8603515625e-05,0.0068603515625,0.045484130859375006
664,6.64,-7.2021484375e-06,-0.0007202148437499999,-0.004782226562499999
665,6.65,3.9794921875e-05,0.0039794921875,0.026463623046875002
666,6.66,-5.859375e-06,-0.0005859375,-0.00390234375
667,6.67,-9.82666015625e-06,-0.000982666015625,-0.00655438232421875
668,6.68,-2.5634765625e-06,-0.00025634765625,-0.00171240234375
669,6.69,8.94775390625e-05,0.00894775390625,0.0598604736328125
670,6.7,3.28369140625e-05,0.0032836914062500003,0.022000732421875002
671,6.71,-4.638671875e-06,-0.0004638671875,-0.003112548828125
672,6.72,1.1474609375e-05,0.0011474609375,0.0077109375
673,6.73,-1.59912109375e-05,-0.0015991210937500002,-0.0107620849609375
674,6.74,-7.50732421875e-06,-0.000750732421875,-0.0050599365234375
675,6.75,-5.963134765625e-05,-0.005963134765625,-0.04025115966796875
676,6.76,-2.3193359375e-05,-0.0023193359375,-0.0156787109375
677,6.77,-8.4716796875e-05,-0.008471679687499999,-0.057353271484374996
678,6.78,-2.203369140625e-05,-0.002203369140625,-0.014938842773437499
679,6.79,-5.218505859375e-05,-0.005218505859375,-0.03543365478515625
680,6.8,-6.43310546875e-05,-0.00643310546875,-0.0437451171875
681,6.81,5.17578125e-05,0.00517578125,0.035247070312499997
682,6.82,-5.1025390625e-05,-0.0051025390625,-0.034799316406249996
683,6.83,-3.7109375e-05,-0.0037109375,-0.025345703125
684,6.84,2.154541015625e-05,0.002154541015625,0.014737060546875
685,6.85,-8.97216796875e-06,-0.000897216796875,-0.00614593505859375
686,6.86,4.57763671875e-05,0.00457763671875,0.031402587890625
687,6.87,0.00010693359375,0.010693359375,0.07346337890625
688,6.88,7.2021484375e-05,0.0072021484375,0.049550781249999995
689,6.89,0.000125244140625,0.012524414062500001,0.086293212890625
690,6.9,0.00010418701171875,0.010418701171875001,0.07188903808593751
691,6.91,-1.46484375e-05,-0.00146484375,-0.0101220703125
692,6.92,3.69873046875e-05,0.00369873046875,0.02559521484375
693,6.93,3.64990234375e-05,0.00364990234375,0.0252938232421875
694,6.94,6.93359375e-05,0.00693359375,0.048119140624999994
695,6.95,8.941650390625e-05,0.008941650390625,0.062144470214843754
696,6.96,4.2724609375e-07,4.2724609375000004e-05,0.00029736328125
697,6.97,5.810546875e-05,0.005810546874999999,0.04049951171875
698,6.98,0.00015838623046875,0.015838623046875,0.11055358886718751
699,6.99,0.00015081787109375,0.015081787109375001,0.10542169189453125
700,7.0,4.94384765625e-05,0.00494384765625,0.03460693359375
701,7.01,3.192138671875e-05,0.0031921386718750003,0.02237689208984375
702,7.02,7.53173828125e-05,0.00753173828125,0.052872802734375
703,7.03,7.75146484375e-05,0.00775146484375,0.054492797851562504
704,7.04,0.000115966796875,0.0115966796875,0.081640625
705,7.05,0.00021832275390625,0.021832275390625,0.15391754150390624
706,7.06,0.000142822265625,0.0142822265625,0.10083251953125
707,7.07,0.0001202392578125,0.01202392578125,0.0850091552734375
708,7.08,0.00016412353515625,0.016412353515625,0.11619946289062501
709,7.09,0.0001546630859375,0.015466308593749999,0.10965612792968749
710,7.1,6.988525390625e-05,0.006988525390625,0.0496185302734375
711,7.11,0.000123291015625,0.0123291015625,0.087659912109375
712,7.12,9.783935546875e-05,0.009783935546875,0.06966162109375
713,7.13,2.0263671875e-05,0.0020263671875,0.014447998046875
714,7.14,-4.241943359375e-05,-0.004241943359375,-0.030287475585937498
715,7.15,2.33154296875e-05,0.00233154296875,0.0166705322265625
716,7.16,-3.41796875e-06,-0.00034179687500000003,-0.0024472656250000002
717,7.17,7.94677734375e-05,0.007946777343750001,0.0569783935546875
718,7.18,9.185791015625e-05,0.009185791015625,0.0659539794921875
719,7.19,8.41064453125e-05,0.008410644531249999,0.060472534179687495
720,7.2,7.94677734375e-05,0.007946777343750001,0.057216796875
721,7.21,3.173828125e-05,0.003173828125,0.02288330078125
722,7.22,9.27734375e-06,0.000927734375,0.0066982421875
723,7.23,-3.41796875e-06,-0.00034179687500000003,-0.00247119140625
724,7.24,-1.153564453125e-05,-0.001153564453125,-0.008351806640625
725,7.25,1.220703125e-07,1.220703125e-05,8.85009765625e-05
726,7.26,-2.7099609375e-05,-0.0027099609375,-0.01967431640625
727,7.27,9.442138671875e-05,0.009442138671875,0.06864434814453124
728,7.28,8.099365234375e-05,0.008099365234375,0.058963378906249996
729,7.29,9.881591796875e-05,0.009881591796875,0.07203680419921875
730,7.3,0.0001497802734375,0.01497802734375,0.109339599609375
731,7.31,5.94482421875e-05,0.0059448242187499995,0.0434566650390625
732,7.32,9.326171875e-05,0.009326171875,0.068267578125
733,7.33,2.581787109375e-05,0.002581787109375,0.018924499511718748
734,7.34,7.342529296875e-05,0.007342529296875001,0.053894165039062504
735,7.35,-1.67236328125e-05,-0.0016723632812500001,-0.012291870117187501
736,7.36,4.8828125e-05,0.0048828125,0.035937500000000004
737,7.37,8.2275390625e-05,0.0082275390625,0.06063696289062501
738,7.38,9.09423828125e-06,0.0009094238281249999,0.006711547851562499
739,7.39,7.38525390625e-06,0.000738525390625,0.00545770263671875
740,7.4,-5.255126953125e-05,-0.005255126953125,-0.038887939453125
741,7.41,-4.28466796875e-05,-0.004284667968749999,-0.0317493896484375
742,7.42,-3.546142578125e-05,-0.0035461425781249997,-0.0263123779296875
743,7.43,6.73828125e-05,0.00673828125,0.0500654296875
744,7.44,2.813720703125e-05,0.002813720703125,0.020934082031250002
745,7.45,8.837890625e-05,0.008837890624999999,0.06584228515625
746,7.46,-1.116943359375e-05,-0.001116943359375,-0.0083323974609375
747,7.47,-2.752685546875e-05,-0.002752685546875,-0.02056256103515625
748,7.48,-7.2265625e-05,-0.0072265624999999995,-0.0540546875
749,7.49,-4.11376953125e-05,-0.00411376953125,-0.0308121337890625
750,7.5,-6.787109375e-05,-0.006787109375000001,-0.05090332031250001
751,7.51,-5.517578125e-05,-0.005517578125,-0.04143701171875
752,7.52,5.4931640625e-06,0.00054931640625,0.0041308593749999995
753,7.53,-4.766845703125e-05,-0.0047668457031250005,-0.035894348144531255
754,7.54,9.65576171875e-05,0.009655761718750001,0.072804443359375
755,7.55,4.986572265625e-05,0.004986572265624999,0.037648620605468745
756,7.56,5.615234375e-05,0.005615234375,0.042451171875
757,7.57,7.550048828125e-05,0.007550048828125001,0.057153869628906256
758,7.58,-6.89697265625e-06,-0.000689697265625,-0.0052279052734375
759,7.59,6.561279296875e-05,0.006561279296875,0.04980010986328125
760,7.6,-1.8310546875e-06,-0.00018310546875,-0.0013916015625
761,7.61,-5.31005859375e-06,-0.000531005859375,-0.00404095458984375
762,7.62,-5.2734375e-05,-0.0052734375,-0.040183593749999996
763,7.63,-4.913330078125e-05,-0.004913330078125,-0.03748870849609375
764,7.64,2.593994140625e-05,0.002593994140625,0.019818115234375
765,7.65,1.812744140625e-05,0.001812744140625,0.013867492675781249
766,7.66,6.35986328125e-05,0.00635986328125,0.048716552734375
767,7.67,0.00010064697265625,0.010064697265625,0.07719622802734376
768,7.68,-9.625244140625e-05,-0.009625244140625,-0.073921875
769,7.69,-1.9287109375e-05,-0.0019287109375,-0.014831787109375
770,7.7,0.00010626220703125,0.010626220703125001,0.08182189941406251
771,7.71,4.376220703125e-05,0.004376220703125,0.03374066162109375
772,7.72,4.498291015625e-05,0.004498291015625,0.034726806640624996
773,7.73,-4.119873046875e-05,-0.004119873046875,-0.031846618652343756
774,7.74,-1.641845703125e-05,-0.0016418457031250001,-0.012707885742187501
775,7.75,-2.655029296875e-05,-0.002655029296875,-0.02057647705078125
776,7.76,-4.2236328125e-05,-0.004223632812499999,-0.032775390625
777,7.77,-5.55419921875e-06,-0.000555419921875,-0.00431561279296875
778,7.78,-2.783203125e-05,-0.002783203125,-0.021653320312500002
779,7.79,1.79443359375e-05,0.00179443359375,0.013978637695312499
780,7.8,-6.781005859375e-05,-0.006781005859375,-0.052891845703125
781,7.81,-3.1982421875e-05,-0.0031982421875000003,-0.024978271484375
782,7.82,-2.203369140625e-05,-0.002203369140625,-0.017230346679687498
783,7.83,4.3212890625e-05,0.0043212890625,0.033835693359374995
784,7.84,2.62451171875e-06,0.000262451171875,0.0020576171874999998
785,7.85,-1.7333984375e-05,-0.0017333984375,-0.013607177734374998
786,7.86,2.545166015625e-05,0.0025451660156249997,0.0200050048828125
787,7.87,5.474853515625e-05,0.005474853515625,0.04308709716796875
788,7.88,4.547119140625e-05,0.004547119140625,0.035831298828125
789,7.89,-1.055908203125e-05,-0.0010559082031249998,-0.008331115722656249
790,7.9,-2.38037109375e-05,-0.00238037109375,-0.018804931640625
791,7.91,-3.253173828125e-05,-0.0032531738281250003,-0.02573260498046875
792,7.92,-6.298828125e-05,-0.006298828125,-0.04988671875
793,7.93,-3.57666015625e-05,-0.0035766601562499997,-0.0283629150390625
794,7.94,-4.8828125e-07,-4.8828125e-05,-0.0003876953125
795,7.95,-6.207275390625e-05,-0.006207275390624999,-0.04934783935546874
796,7.96,-3.436279296875e-05,-0.003436279296875,-0.027352783203124998
797,7.97,-4.388427734375e-05,-0.0043884277343749995,-0.03497576904296875
798,7.98,-2.532958984375e-05,-0.002532958984375,-0.020213012695312498
799,7.99,9.466552734375e-05,0.009466552734375,0.07563775634765625
800,8.0,2.313232421875e-05,0.002313232421875,0.018505859375
801,8.01,-3.16162109375e-05,-0.0031616210937500003,-0.0253245849609375
802,8.02,-1.52587890625e-05,-0.00152587890625,-0.012237548828125
803,8.03,4.47998046875e-05,0.00447998046875,0.0359742431640625
804,8.04,3.643798828125e-05,0.0036437988281249997,0.029296142578125
805,8.05,6.280517578125e-05,0.0062805175781249995,0.050558166503906245
806,8.06,0.00010089111328125,0.010089111328125,0.0813182373046875
807,8.07,-3.265380859375e-05,-0.003265380859375,-0.02635162353515625
808,8.08,8.056640625e-06,0.0008056640625000001,0.006509765625
809,8.09,3.7109375e-05,0.0037109375,0.030021484375
810,8.1,-3.91845703125e-05,-0.00391845703125,-0.031739501953125
811,8.11,4.119873046875e-05,0.004119873046875,0.033412170410156254
812,8.12,-5.76171875e-05,-0.0057617187499999995,-0.046785156249999994
813,8.13,1.727294921875e-05,0.0017272949218749998,0.014042907714843749
814,8.14,-2.630615234375e-05,-0.002630615234375,-0.0214132080078125
815,8.15,-2.349853515625e-05,-0.002349853515625,-0.019151306152343752
816,8.16,-1.15966796875e-06,-0.000115966796875,-0.0009462890625
817,8.17,7.080078125e-06,0.0007080078125000001,0.005784423828125
818,8.18,-2.752685546875e-05,-0.002752685546875,-0.0225169677734375
819,8.19,2.86865234375e-06,0.000286865234375,0.00234942626953125
820,8.2,6.103515625e-08,6.103515625e-06,5.0048828125000004e-05
821,8.21,6.5185546875e-05,0.006518554687500001,0.053517333984375005
822,8.22,7.098388671875e-05,0.007098388671875,0.0583487548828125
823,8.23,-3.448486328125e-05,-0.0034484863281249996,-0.028381042480468747
824,8.24,2.86865234375e-05,0.00286865234375,0.0236376953125
825,8.25,4.47998046875e-05,0.00447998046875,0.0369598388671875
826,8.26,0.00011224365234375,0.011224365234375,0.0927132568359375
827,8.27,9.033203125e-06,0.0009033203124999999,0.007470458984375
828,8.28,8.4228515625e-06,0.00084228515625,0.006974121093750001
829,8.29,5.352783203125e-05,0.005352783203125,0.04437457275390625
830,8.3,8.270263671875e-05,0.008270263671875,0.0686431884765625
831,8.31,0.000230224609375,0.0230224609375,0.19131665039062498
832,8.32,0.00014227294921875,0.014227294921875,0.11837109375
833,8.33,2.880859375e-05,0.0028808593749999997,0.02399755859375
834,8.34,-5.126953125e-05,-0.005126953125,-0.0427587890625
835,8.35,3.7841796875e-06,0.00037841796875,0.0031597900390625
836,8.36,-2.587890625e-05,-0.002587890625,-0.021634765625
837,8.37,4.94384765625e-06,0.000494384765625,0.00413800048828125
838,8.38,2.5634765625e-06,0.00025634765625,0.0021481933593750003
839,8.39,-3.094482421875e-05,-0.003094482421875,-0.02596270751953125
840,8.4,3.363037109375e-05,0.003363037109375,0.028249511718750002
841,8.41,2.874755859375e-05,0.0028747558593749997,0.02417669677734375
842,8.42,2.545166015625e-05,0.0025451660156249997,0.0214302978515625
843,8.43,-0.00010565185546875,-0.010565185546875001,-0.08906451416015626
844,8.44,-2.593994140625e-05,-0.002593994140625,-0.021893310546875
845,8.45,1.483154296875e-05,0.001483154296875,0.01253265380859375
846,8.46,6.40869140625e-05,0.00640869140625,0.054217529296875004
847,8.47,2.911376953125e-05,0.0029113769531249997,0.02465936279296875
848,8.48,6.103515625e-05,0.006103515625,0.0517578125
849,8.49,0.000115478515625,0.0115478515625,0.098041259765625
850,8.5,6.40869140625e-05,0.00640869140625,0.054473876953125
851,8.51,2.252197265625e-05,0.002252197265625,0.01916619873046875
852,8.52,2.25830078125e-05,0.00225830078125,0.01924072265625
853,8.53,1.62353515625e-05,0.00162353515625,0.013848754882812501
854,8.54,-1.7333984375e-05,-0.0017333984375,-0.014803222656249998
855,8.55,-0.00010302734375,-0.010302734374999999,-0.08808837890625
856,8.56,-6.884765625e-05,-0.006884765624999999,-0.05893359374999999
857,8.57,-0.000114990234375,-0.011499023437499999,-0.098546630859375
858,8.58,-0.00010565185546875,-0.010565185546875001,-0.0906492919921875
859,8.59,2.191162109375e-05,0.002191162109375,0.01882208251953125
860,8.6,-2.0751953125e-06,-0.00020751953125000002,-0.0017846679687500001
861,8.61,2.056884765625e-05,0.002056884765625,0.017709777832031252
862,8.62,7.867431640625e-05,0.007867431640625,0.0678172607421875
863,8.63,-7.8125e-06,-0.00078125,-0.0067421875
864,8.64,7.598876953125e-05,0.007598876953125001,0.065654296875
865,8.65,1.031494140625e-05,0.0010314941406250001,0.00892242431640625
866,8.66,6.65283203125e-06,0.000665283203125,0.0057613525390625
867,8.67,-4.74853515625e-05,-0.00474853515625,-0.041169799804687504
868,8.68,-4.107666015625e-05,-0.004107666015625001,-0.035654541015625
869,8.69,-2.734375e-05,-0.0027343750000000003,-0.02376171875
870,8.7,-6.53076171875e-06,-0.000653076171875,-0.0056817626953125
871,8.71,0.0001292724609375,0.012927246093749999,0.11259631347656249
872,8.72,2.685546875e-05,0.002685546875,0.02341796875
873,8.73,0.00015313720703125,0.015313720703124999,0.13368878173828125
874,8.74,0.00024542236328125,0.024542236328124998,0.2144991455078125
875,8.75,0.00016143798828125,0.016143798828125,0.14125823974609375
876,8.76,9.832763671875e-05,0.009832763671875,0.08613500976562499
877,8.77,0.00016497802734375,0.016497802734375,0.14468572998046875
878,8.78,0.00012408447265625,0.012408447265624999,0.1089461669921875
879,8.79,8.65478515625e-05,0.008654785156249999,0.0760755615234375
880,8.8,9.60693359375e-05,0.00960693359375,0.08454101562500001
881,8.81,-3.84521484375e-06,-0.000384521484375,-0.00338763427734375
882,8.82,6.97021484375e-05,0.006970214843749999,0.061477294921874995
883,8.83,6.09130859375e-05,0.00609130859375,0.0537862548828125
884,8.84,0.00017852783203125,0.017852783203125,0.157818603515625
885,8.85,2.618408203125e-05,0.002618408203125,0.02317291259765625
886,8.86,4.229736328125e-05,0.004229736328125,0.037475463867187496
887,8.87,7.33642578125e-05,0.007336425781249999,0.0650740966796875
888,8.88,4.229736328125e-05,0.004229736328125,0.037560058593749994
889,8.89,-3.7353515625e-05,-0.0037353515624999997,-0.033207275390625
890,8.9,2.44140625e-06,0.000244140625,0.0021728515625
891,8.91,-8.544921875e-06,-0.0008544921875000001,-0.0076135253906250006
892,8.92,4.5654296875e-05,0.0045654296875,0.0407236328125
893,8.93,5.18798828125e-05,0.00518798828125,0.0463287353515625
894,8.94,4.541015625e-05,0.004541015625,0.0405966796875
895,8.95,0.00010986328125,0.010986328125,0.09832763671875
896,8.96,5.57861328125e-05,0.00557861328125,0.049984375000000004
897,8.97,1.531982421875e-05,0.001531982421875,0.01374188232421875
898,8.98,2.642822265625e-05,0.002642822265625,0.0237325439453125
899,8.99,3.11279296875e-06,0.000311279296875,0.00279840087890625
900,9.0,1.77001953125e-06,0.00017700195312500002,0.001593017578125
901,9.01,2.18505859375e-05,0.00218505859375,0.0196873779296875
902,9.02,-6.65283203125e-06,-0.000665283203125,-0.0060008544921875
903,9.03,-8.551025390625e-05,-0.008551025390625,-0.07721575927734375
904,9.04,-4.119873046875e-05,-0.004119873046875,-0.03724365234375
905,9.05,1.3427734375e-05,0.0013427734375,0.012152099609375
906,9.06,-2.069091796875e-05,-0.0020690917968750003,-0.0187459716796875
907,9.07,2.447509765625e-05,0.002447509765625,0.02219891357421875
908,9.08,6.7138671875e-05,0.006713867187500001,0.060961914062500004
909,9.09,9.7412109375e-05,0.009741210937500001,0.08854760742187501
910,9.1,3.03955078125e-05,0.00303955078125,0.027659912109375
911,9.11,6.378173828125e-05,0.006378173828125,0.05810516357421874
912,9.12,1.947021484375e-05,0.0019470214843750001,0.0177568359375
913,9.13,-1.531982421875e-05,-0.001531982421875,-0.01398699951171875
914,9.14,-3.546142578125e-05,-0.0035461425781249997,-0.0324117431640625
915,9.15,2.972412109375e-05,0.0029724121093749997,0.027197570800781248
916,9.16,6.82373046875e-05,0.006823730468750001,0.06250537109375001
917,9.17,-1.483154296875e-05,-0.001483154296875,-0.01360052490234375
918,9.18,-7.33642578125e-05,-0.007336425781249999,-0.067348388671875
919,9.19,3.131103515625e-05,0.0031311035156250003,0.02877484130859375
920,9.2,-1.953125e-06,-0.0001953125,-0.001796875
921,9.21,-2.294921875e-05,-0.002294921875,-0.02113623046875
922,9.22,-5.804443359375e-05,-0.005804443359375,-0.0535169677734375
923,9.23,-3.2958984375e-05,-0.0032958984375,-0.030421142578125
924,9.24,9.46044921875e-06,0.000946044921875,0.008741455078125
925,9.25,2.47802734375e-05,0.00247802734375,0.0229217529296875
926,9.26,-4.9560546875e-05,-0.0049560546875,-0.04589306640625
927,9.27,-5.401611328125e-05,-0.005401611328125,-0.05007293701171875
928,9.28,-3.765869140625e-05,-0.003765869140625,-0.034947265625
929,9.29,-8.7646484375e-05,-0.0087646484375,-0.08142358398437499
930,9.3,-1.96533203125e-05,-0.00196533203125,-0.018277587890625
931,9.31,-1.446533203125e-05,-0.001446533203125,-0.01346722412109375
932,9.32,-9.02099609375e-05,-0.00902099609375,-0.08407568359375
933,9.33,-4.23583984375e-05,-0.0042358398437499995,-0.0395203857421875
934,9.34,-3.289794921875e-05,-0.0032897949218750003,-0.030726684570312503
935,9.35,-9.521484375e-05,-0.009521484375,-0.08902587890625001
936,9.36,-4.4921875e-05,-0.0044921875,-0.042046875
937,9.37,4.150390625e-05,0.004150390625,0.038889160156250005
938,9.38,-5.255126953125e-05,-0.005255126953125,-0.049293090820312496
939,9.39,6.8359375e-06,0.0006835937500000001,0.0064189453125
940,9.4,-2.880859375e-05,-0.0028808593749999997,-0.027080078124999997
941,9.41,3.143310546875e-05,0.003143310546875,0.02957855224609375
942,9.42,4.2724609375e-06,0.00042724609375000005,0.004024658203125001
943,9.43,1.7333984375e-05,0.0017333984375,0.016345947265624997
944,9.44,8.416748046875e-05,0.008416748046875,0.0794541015625
945,9.45,7.50732421875e-06,0.000750732421875,0.00709442138671875
946,9.46,3.79638671875e-05,0.00379638671875,0.035913818359375
947,9.47,1.715087890625e-05,0.001715087890625,0.01624188232421875
948,9.48,1.25732421875e-05,0.0012573242187499999,0.011919433593749999
949,9.49,4.0283203125e-06,0.00040283203125000003,0.0038228759765625
950,9.5,8.3984375e-05,0.0083984375,0.07978515624999999
951,9.51,4.742431640625e-05,0.004742431640625,0.04510052490234375
952,9.52,0.00014471435546875,0.014471435546875,0.13776806640625
953,9.53,2.691650390625e-05,0.002691650390625,0.02565142822265625
954,9.54,-2.655029296875e-05,-0.002655029296875,-0.0253289794921875
955,9.55,8.7890625e-06,0.0008789062499999999,0.008393554687499999
956,9.56,-4.852294921875e-05,-0.004852294921875,-0.046387939453125
957,9.57,-0.0001112060546875,-0.011120605468750001,-0.1064241943359375
958,9.58,-3.60107421875e-05,-0.00360107421875,-0.034498291015624995
959,9.59,0.00012164306640625,0.012164306640625,0.11665570068359375
960,9.6,1.385498046875e-05,0.001385498046875,0.013300781250000001
961,9.61,8.245849609375e-05,0.008245849609375,0.07924261474609375
962,9.62,8.99658203125e-05,0.00899658203125,0.086547119140625
963,9.63,8.355712890625e-05,0.008355712890625,0.08046551513671875
964,9.64,2.1728515625e-05,0.0021728515625,0.020946289062499998
965,9.65,-2.05078125e-05,-0.00205078125,-0.0197900390625
966,9.66,-6.0302734375e-05,-0.0060302734375,-0.05825244140625
967,9.67,-8.4716796875e-05,-0.008471679687499999,-0.081921142578125
968,9.68,1.18408203125e-05,0.0011840820312500001,0.0114619140625
969,9.69,9.21630859375e-06,0.000921630859375,0.00893060302734375
970,9.7,5.450439453125e-05,0.005450439453125,0.0528692626953125
971,9.71,-1.898193359375e-05,-0.001898193359375,-0.01843145751953125
972,9.72,-5.218505859375e-05,-0.005218505859375,-0.050723876953125
973,9.73,-1.708984375e-05,-0.0017089843750000002,-0.01662841796875
974,9.74,6.3720703125e-05,0.0063720703125,0.06206396484375
975,9.75,1.8310546875e-07,1.8310546875e-05,0.00017852783203125002
976,9.76,0.0001256103515625,0.012561035156249999,0.12259570312499998
977,9.77,0.00017413330078125,0.017413330078125,0.17012823486328127
978,9.78,0.000130615234375,0.0130615234375,0.12774169921875
979,9.79,0.0001075439453125,0.01075439453125,0.1052855224609375
980,9.8,5.010986328125e-05,0.005010986328125,0.049107666015624996
981,9.81,7.8857421875e-05,0.007885742187500001,0.077359130859375
982,9.82,-1.72119140625e-05,-0.0017211914062499997,-0.016902099609375
983,9.83,-7.080078125e-05,-0.007080078124999999,-0.06959716796875
984,9.84,-1.69677734375e-05,-0.0016967773437500003,-0.0166962890625
985,9.85,-5.682373046875e-05,-0.0056823730468750005,-0.055971374511718755
986,9.86,-1.953125e-06,-0.0001953125,-0.00192578125
987,9.87,-2.728271484375e-05,-0.002728271484375,-0.02692803955078125
988,9.88,-8.648681640625e-05,-0.008648681640625001,-0.085448974609375
989,9.89,-4.937744140625e-05,-0.004937744140625,-0.04883428955078125
990,9.9,3.515625e-05,0.0035156249999999997,0.0348046875
991,9.91,0.000148681640625,0.0148681640625,0.147343505859375
992,9.92,0.00014080810546875,0.014080810546875,0.139681640625
993,9.93,-1.971435546875e-05,-0.0019714355468750003,-0.019576354980468752
994,9.94,-6.43310546875e-05,-0.00643310546875,-0.06394506835937501
995,9.95,-1.776123046875e-05,-0.0017761230468749999,-0.017672424316406248
996,9.96,-7.958984375e-05,-0.007958984375,-0.079271484375
997,9.97,-3.03955078125e-05,-0.00303955078125,-0.0303043212890625
998,9.98,-2.79541015625e-05,-0.0027954101562500003,-0.027898193359375
999,9.99,-2.667236328125e-05,-0.002667236328125,-0.02664569091796875
